id,state,district,crop,success_rate
0,Andhra Pradesh,ANANTAPUR,Millet,1
1,Andhra Pradesh,ANANTAPUR,Groundnut,0.871008203
2,Andhra Pradesh,ANANTAPUR,Jowar,0.813219766
3,Andhra Pradesh,ANANTAPUR,Tea,0.996135164
4,Andhra Pradesh,ANANTAPUR,Rice,0.820656578
5,Andhra Pradesh,ANANTAPUR,Sugarcane,1
6,Andhra Pradesh,ANANTAPUR,Wheat,0.846053774
7,Andhra Pradesh,ANANTAPUR,Soyabean,0.99697097
8,Andhra Pradesh,CHITTOOR,Millet,0.984087786
9,Andhra Pradesh,CHITTOOR,Groundnut,0.889014004
10,Andhra Pradesh,CHITTOOR,Jowar,0.804285419
11,Andhra Pradesh,CHITTOOR,Tea,0.994221865
12,Andhra Pradesh,CHITTOOR,Rice,0.820656578
13,Andhra Pradesh,CHITTOOR,Sugarcane,0.997878907
14,Andhra Pradesh,EAST GODAVARI,Millet,0.99021267
15,Andhra Pradesh,EAST GODAVARI,Groundnut,0.912888568
16,Andhra Pradesh,EAST GODAVARI,Jowar,0.799995444
17,Andhra Pradesh,EAST GODAVARI,Rice,0.820656578
18,Andhra Pradesh,EAST GODAVARI,Sugarcane,1
19,Andhra Pradesh,EAST GODAVARI,Tea,0.999104697
20,Andhra Pradesh,GUNTUR,Groundnut,0.908462972
21,Andhra Pradesh,GUNTUR,Rice,0.819403848
22,Andhra Pradesh,GUNTUR,Sugarcane,0.990509836
23,Andhra Pradesh,GUNTUR,Jowar,0.779255481
24,Andhra Pradesh,GUNTUR,Millet,0.850932755
25,Andhra Pradesh,GUNTUR,Soyabean,0.99697097
26,Andhra Pradesh,GUNTUR,Tea,0.995685893
27,Andhra Pradesh,KADAPA,Millet,1
28,Andhra Pradesh,KADAPA,Groundnut,0.891689815
29,Andhra Pradesh,KADAPA,Jowar,0.798557428
30,Andhra Pradesh,KADAPA,Rice,0.820656578
31,Andhra Pradesh,KADAPA,Tea,0.990618751
32,Andhra Pradesh,KADAPA,Sugarcane,0.991707782
33,Andhra Pradesh,KRISHNA,Groundnut,0.923018043
34,Andhra Pradesh,KRISHNA,Jowar,0.811953321
35,Andhra Pradesh,KRISHNA,Rice,0.820656578
36,Andhra Pradesh,KRISHNA,Sugarcane,1
37,Andhra Pradesh,KURNOOL,Millet,1
38,Andhra Pradesh,KURNOOL,Groundnut,0.880701821
39,Andhra Pradesh,KURNOOL,Jowar,0.813219766
40,Andhra Pradesh,KURNOOL,Rice,0.820656578
41,Andhra Pradesh,KURNOOL,Wheat,0.846053774
42,Andhra Pradesh,KURNOOL,Sugarcane,1
43,Andhra Pradesh,KURNOOL,Soyabean,0.937380085
44,Andhra Pradesh,PRAKASAM,Millet,0.999715758
45,Andhra Pradesh,PRAKASAM,Groundnut,0.926708323
46,Andhra Pradesh,PRAKASAM,Jowar,0.813219766
47,Andhra Pradesh,PRAKASAM,Rice,0.818997516
48,Andhra Pradesh,PRAKASAM,Sugarcane,0.996790022
49,Andhra Pradesh,PRAKASAM,Tea,0.999104697
50,Andhra Pradesh,SPSR NELLORE,Millet,1
51,Andhra Pradesh,SPSR NELLORE,Groundnut,0.9265418
52,Andhra Pradesh,SPSR NELLORE,Tea,0.985182533
53,Andhra Pradesh,SPSR NELLORE,Rice,0.815274854
54,Andhra Pradesh,SPSR NELLORE,Sugarcane,1
55,Andhra Pradesh,SPSR NELLORE,Jowar,0.796075525
56,Andhra Pradesh,SRIKAKULAM,Millet,0.989613832
57,Andhra Pradesh,SRIKAKULAM,Groundnut,0.918166755
58,Andhra Pradesh,SRIKAKULAM,Jowar,0.732622601
59,Andhra Pradesh,SRIKAKULAM,Tea,0.999104697
60,Andhra Pradesh,SRIKAKULAM,Rice,0.816953457
61,Andhra Pradesh,SRIKAKULAM,Sugarcane,1
62,Andhra Pradesh,VISAKHAPATANAM,Millet,0.99267276
63,Andhra Pradesh,VISAKHAPATANAM,Groundnut,0.926708323
64,Andhra Pradesh,VISAKHAPATANAM,Jowar,0.813219766
65,Andhra Pradesh,VISAKHAPATANAM,Tea,0.979972596
66,Andhra Pradesh,VISAKHAPATANAM,Rice,0.820656578
67,Andhra Pradesh,VISAKHAPATANAM,Sugarcane,0.998650016
68,Andhra Pradesh,VIZIANAGARAM,Millet,0.989933384
69,Andhra Pradesh,VIZIANAGARAM,Groundnut,0.923916845
70,Andhra Pradesh,VIZIANAGARAM,Jowar,0.805884401
71,Andhra Pradesh,VIZIANAGARAM,Tea,0.999104697
72,Andhra Pradesh,VIZIANAGARAM,Rice,0.820656578
73,Andhra Pradesh,VIZIANAGARAM,Sugarcane,0.996664758
74,Andhra Pradesh,WEST GODAVARI,Groundnut,0.926708323
75,Andhra Pradesh,WEST GODAVARI,Jowar,0.813219766
76,Andhra Pradesh,WEST GODAVARI,Rice,0.820656578
77,Andhra Pradesh,WEST GODAVARI,Sugarcane,0.996895152
78,Bihar,ARARIA,Rice,0.820656578
79,Bihar,ARARIA,Wheat,0.846053774
80,Bihar,ARARIA,Tea,0.999104697
81,Bihar,ARARIA,Jowar,0.803216448
82,Bihar,ARARIA,Groundnut,0.926708323
83,Bihar,ARWAL,Barley,0.996322217
84,Bihar,ARWAL,Wheat,0.846053774
85,Bihar,ARWAL,Rice,0.817379394
86,Bihar,AURANGABAD,Barley,0.994286764
87,Bihar,AURANGABAD,Wheat,0.846053774
88,Bihar,AURANGABAD,Sugarcane,0.9998615
89,Bihar,AURANGABAD,Rice,0.820656578
90,Bihar,AURANGABAD,Jowar,0.79562724
91,Maharashtra,AURANGABAD,Millet,0.992866194
92,Maharashtra,AURANGABAD,Groundnut,0.926708323
93,Maharashtra,AURANGABAD,Soyabean,0.993959343
94,Bihar,BANKA,Barley,0.969563409
95,Bihar,BANKA,Wheat,0.846053774
96,Bihar,BANKA,Rice,0.817001644
97,Bihar,BANKA,Sugarcane,0.994216853
98,Bihar,BEGUSARAI,Rice,0.820656578
99,Bihar,BEGUSARAI,Wheat,0.843093538
100,Bihar,BEGUSARAI,Sugarcane,0.99747158
101,Bihar,BHAGALPUR,Rice,0.820656578
102,Bihar,BHAGALPUR,Barley,0.991211122
103,Bihar,BHAGALPUR,Wheat,0.84156768
104,Bihar,BHAGALPUR,Sugarcane,0.96338253
105,Bihar,BHOJPUR,Rice,0.820656578
106,Bihar,BHOJPUR,Millet,1
107,Bihar,BHOJPUR,Jowar,0.813219766
108,Bihar,BHOJPUR,Barley,0.996322217
109,Bihar,BHOJPUR,Wheat,0.838180072
110,Bihar,BHOJPUR,Sugarcane,1
111,Bihar,BUXAR,Millet,1
112,Bihar,BUXAR,Jowar,0.813219766
113,Bihar,BUXAR,Barley,0.992508069
114,Bihar,BUXAR,Wheat,0.843017234
115,Bihar,BUXAR,Rice,0.820656578
116,Bihar,BUXAR,Sugarcane,0.978810864
117,Bihar,DARBHANGA,Rice,0.815128137
118,Bihar,DARBHANGA,Barley,0.996322217
119,Bihar,DARBHANGA,Wheat,0.843345839
120,Bihar,DARBHANGA,Tea,0.999104697
121,Bihar,DARBHANGA,Sugarcane,1
122,Bihar,GAYA,Rice,0.820656578
123,Bihar,GAYA,Barley,0.996322217
124,Bihar,GAYA,Wheat,0.846053774
125,Bihar,GAYA,Tea,0.999104697
126,Bihar,GAYA,Sugarcane,0.954039861
127,Bihar,GAYA,Jowar,0.813219766
128,Bihar,GOPALGANJ,Rice,0.820656578
129,Bihar,GOPALGANJ,Wheat,0.846053774
130,Bihar,GOPALGANJ,Tea,0.999104697
131,Bihar,GOPALGANJ,Sugarcane,0.985060798
132,Bihar,GOPALGANJ,Barley,0.982277133
133,Bihar,JAMUI,Barley,0.989247526
134,Bihar,JAMUI,Wheat,0.836901235
135,Bihar,JAMUI,Tea,0.982685469
136,Bihar,JAMUI,Sugarcane,1
137,Bihar,JAMUI,Rice,0.820656578
138,Bihar,JEHANABAD,Barley,0.982679266
139,Bihar,JEHANABAD,Wheat,0.846053774
140,Bihar,JEHANABAD,Sugarcane,1
141,Bihar,JEHANABAD,Rice,0.820656578
142,Bihar,JEHANABAD,Tea,0.999104697
143,Bihar,KAIMUR (BHABUA),Rice,0.820656578
144,Bihar,KAIMUR (BHABUA),Barley,0.9708305
145,Bihar,KAIMUR (BHABUA),Wheat,0.844555078
146,Bihar,KAIMUR (BHABUA),Sugarcane,1
147,Bihar,KATIHAR,Rice,0.820656578
148,Bihar,KATIHAR,Barley,0.98495432
149,Bihar,KATIHAR,Wheat,0.846053774
150,Bihar,KATIHAR,Tea,0.98076916
151,Bihar,KATIHAR,Sugarcane,1
152,Bihar,KHAGARIA,Rice,0.814413662
153,Bihar,KHAGARIA,Barley,0.918392875
154,Bihar,KHAGARIA,Wheat,0.833834725
155,Bihar,KHAGARIA,Sugarcane,1
156,Bihar,KISHANGANJ,Rice,0.820656578
157,Bihar,KISHANGANJ,Wheat,0.846053774
158,Bihar,KISHANGANJ,Tea,0.999104697
159,Bihar,LAKHISARAI,Wheat,0.846053774
160,Bihar,LAKHISARAI,Rice,0.814735406
161,Bihar,LAKHISARAI,Barley,0.996322217
162,Bihar,MADHEPURA,Rice,0.820656578
163,Bihar,MADHEPURA,Wheat,0.846053774
164,Bihar,MADHEPURA,Tea,0.999104697
165,Bihar,MADHEPURA,Sugarcane,0.998032833
166,Bihar,MADHUBANI,Rice,0.820656578
167,Bihar,MADHUBANI,Barley,0.996322217
168,Bihar,MADHUBANI,Wheat,0.846053774
169,Bihar,MADHUBANI,Tea,0.999104697
170,Bihar,MADHUBANI,Sugarcane,1
171,Bihar,MUNGER,Barley,0.897735862
172,Bihar,MUNGER,Wheat,0.835586462
173,Bihar,MUNGER,Rice,0.817891795
174,Bihar,MUNGER,Sugarcane,1
175,Bihar,MUZAFFARPUR,Rice,0.820656578
176,Bihar,MUZAFFARPUR,Barley,0.968353328
177,Bihar,MUZAFFARPUR,Wheat,0.839614155
178,Bihar,MUZAFFARPUR,Tea,0.999104697
179,Bihar,MUZAFFARPUR,Sugarcane,0.979249696
180,Bihar,NALANDA,Barley,0.990230109
181,Bihar,NALANDA,Wheat,0.840372673
182,Bihar,NALANDA,Rice,0.797928745
183,Bihar,NALANDA,Sugarcane,0.932893945
184,Bihar,NAWADA,Barley,0.996322217
185,Bihar,NAWADA,Wheat,0.840873165
186,Bihar,NAWADA,Tea,0.999104697
187,Bihar,NAWADA,Sugarcane,-0.033288027
188,Bihar,NAWADA,Rice,0.820018233
189,Bihar,NAWADA,Jowar,0.813219766
190,Bihar,NAWADA,Groundnut,0.909477499
191,Bihar,PASHCHIM CHAMPARAN,Rice,0.820656578
192,Bihar,PASHCHIM CHAMPARAN,Barley,0.996322217
193,Bihar,PASHCHIM CHAMPARAN,Wheat,0.846053774
194,Bihar,PASHCHIM CHAMPARAN,Sugarcane,0.996868922
195,Bihar,PATNA,Rice,0.807146487
196,Bihar,PATNA,Barley,0.935158781
197,Bihar,PATNA,Wheat,0.843683046
198,Bihar,PATNA,Sugarcane,0.988371357
199,Bihar,PATNA,Jowar,0.813219766
200,Bihar,PATNA,Millet,1
201,Bihar,PURBI CHAMPARAN,Rice,0.820247642
202,Bihar,PURBI CHAMPARAN,Barley,0.991091038
203,Bihar,PURBI CHAMPARAN,Wheat,0.843212144
204,Bihar,PURBI CHAMPARAN,Tea,0.997411717
205,Bihar,PURBI CHAMPARAN,Sugarcane,1
206,Bihar,PURNIA,Rice,0.820656578
207,Bihar,PURNIA,Wheat,0.846053774
208,Bihar,PURNIA,Sugarcane,0.983179984
209,Bihar,ROHTAS,Rice,0.820656578
210,Bihar,ROHTAS,Barley,0.984983462
211,Bihar,ROHTAS,Wheat,0.843017225
212,Bihar,ROHTAS,Sugarcane,1
213,Bihar,SAHARSA,Rice,0.820656578
214,Bihar,SAHARSA,Wheat,0.846053774
215,Bihar,SAHARSA,Tea,0.999104697
216,Bihar,SAMASTIPUR,Rice,0.812202805
217,Bihar,SAMASTIPUR,Wheat,0.827115115
218,Bihar,SAMASTIPUR,Tea,0.999104697
219,Bihar,SAMASTIPUR,Sugarcane,1
220,Bihar,SAMASTIPUR,Barley,0.971895759
221,Bihar,SARAN,Rice,0.820656578
222,Bihar,SARAN,Barley,0.996322217
223,Bihar,SARAN,Wheat,0.843408589
224,Bihar,SARAN,Tea,0.999104697
225,Bihar,SARAN,Sugarcane,0.991483846
226,Bihar,SARAN,Jowar,0.813219766
227,Bihar,SHEIKHPURA,Wheat,0.846053774
228,Bihar,SHEIKHPURA,Rice,0.820656578
229,Bihar,SHEIKHPURA,Sugarcane,0.97538179
230,Bihar,SHEOHAR,Rice,0.820656578
231,Bihar,SHEOHAR,Wheat,0.846053774
232,Bihar,SHEOHAR,Sugarcane,1
233,Bihar,SITAMARHI,Rice,0.820656578
234,Bihar,SITAMARHI,Barley,0.954900804
235,Bihar,SITAMARHI,Wheat,0.833159162
236,Bihar,SITAMARHI,Tea,0.999104697
237,Bihar,SITAMARHI,Sugarcane,0.968850368
238,Bihar,SITAMARHI,Millet,0.996433471
239,Bihar,SITAMARHI,Jowar,0.809414269
240,Bihar,SIWAN,Rice,0.81972195
241,Bihar,SIWAN,Barley,0.994491689
242,Bihar,SIWAN,Wheat,0.846053774
243,Bihar,SIWAN,Tea,0.989950408
244,Bihar,SIWAN,Sugarcane,0.9974421
245,Bihar,SUPAUL,Rice,0.816731559
246,Bihar,SUPAUL,Wheat,0.846053774
247,Bihar,SUPAUL,Tea,0.999104697
248,Bihar,VAISHALI,Rice,0.820656578
249,Bihar,VAISHALI,Barley,0.996322217
250,Bihar,VAISHALI,Wheat,0.844451078
251,Bihar,VAISHALI,Tea,0.999104697
252,Bihar,VAISHALI,Jowar,0.807783228
253,Bihar,VAISHALI,Sugarcane,0.986003119
254,Gujarat,AHMADABAD,Millet,0.985606566
255,Gujarat,AHMADABAD,Groundnut,0.909259914
256,Gujarat,AHMADABAD,Jowar,0.809613386
257,Gujarat,AHMADABAD,Wheat,0.839472229
258,Gujarat,AHMADABAD,Rice,0.795608983
259,Gujarat,AHMADABAD,Sugarcane,0.994798283
260,Gujarat,AMRELI,Millet,1
261,Gujarat,AMRELI,Groundnut,0.924784894
262,Gujarat,AMRELI,Jowar,0.801353381
263,Gujarat,AMRELI,Wheat,0.845424958
264,Gujarat,AMRELI,Sugarcane,0.97144958
265,Gujarat,ANAND,Millet,1
266,Gujarat,ANAND,Rice,0.806920564
267,Gujarat,ANAND,Wheat,0.846053774
268,Gujarat,ANAND,Groundnut,0.926708323
269,Gujarat,ANAND,Jowar,0.813219766
270,Gujarat,BANAS KANTHA,Millet,0.980191361
271,Gujarat,BANAS KANTHA,Groundnut,0.926708323
272,Gujarat,BANAS KANTHA,Jowar,0.813219766
273,Gujarat,BANAS KANTHA,Wheat,0.831747365
274,Gujarat,BHARUCH,Millet,0.992463144
275,Gujarat,BHARUCH,Groundnut,0.922593744
276,Gujarat,BHARUCH,Jowar,0.813219766
277,Gujarat,BHARUCH,Wheat,0.846053774
278,Gujarat,BHARUCH,Rice,0.805868348
279,Gujarat,BHARUCH,Sugarcane,0.999715588
280,Gujarat,BHAVNAGAR,Millet,1
281,Gujarat,BHAVNAGAR,Groundnut,0.92355709
282,Gujarat,BHAVNAGAR,Jowar,0.812841465
283,Gujarat,BHAVNAGAR,Wheat,0.846053774
284,Gujarat,DANG,Groundnut,0.91725065
285,Gujarat,DANG,Jowar,0.809221283
286,Gujarat,DANG,Tea,0.9861528
287,Gujarat,DANG,Rice,0.820656578
288,Gujarat,DANG,Wheat,0.846053774
289,Gujarat,DANG,Soyabean,0.99697097
290,Gujarat,DOHAD,Groundnut,0.926708323
291,Gujarat,DOHAD,Jowar,0.813219766
292,Gujarat,DOHAD,Rice,0.816567004
293,Gujarat,DOHAD,Wheat,0.845383225
294,Gujarat,DOHAD,Soyabean,0.99697097
295,Gujarat,GANDHINAGAR,Millet,1
296,Gujarat,GANDHINAGAR,Wheat,0.846053774
297,Gujarat,GANDHINAGAR,Rice,0.820656578
298,Gujarat,GANDHINAGAR,Jowar,0.800583291
299,Gujarat,GANDHINAGAR,Groundnut,0.915491163
300,Gujarat,JAMNAGAR,Millet,1
301,Gujarat,JAMNAGAR,Groundnut,0.908673809
302,Gujarat,JAMNAGAR,Jowar,0.813219766
303,Gujarat,JAMNAGAR,Wheat,0.846053774
304,Gujarat,JAMNAGAR,Sugarcane,1
305,Gujarat,JUNAGADH,Millet,0.997841368
306,Gujarat,JUNAGADH,Groundnut,0.907439887
307,Gujarat,JUNAGADH,Jowar,0.7919231
308,Gujarat,JUNAGADH,Wheat,0.84320541
309,Gujarat,JUNAGADH,Sugarcane,0.994676229
310,Gujarat,KACHCHH,Millet,0.986462104
311,Gujarat,KACHCHH,Groundnut,0.918711987
312,Gujarat,KACHCHH,Wheat,0.84155475
313,Gujarat,KACHCHH,Sugarcane,0.99939577
314,Gujarat,KACHCHH,Jowar,0.813219766
315,Gujarat,KHEDA,Millet,0.996585258
316,Gujarat,KHEDA,Groundnut,0.921894538
317,Gujarat,KHEDA,Jowar,0.813219766
318,Gujarat,KHEDA,Wheat,0.842814143
319,Gujarat,KHEDA,Rice,0.817568028
320,Gujarat,KHEDA,Sugarcane,1
321,Gujarat,MAHESANA,Millet,1
322,Gujarat,MAHESANA,Groundnut,0.926708323
323,Gujarat,MAHESANA,Jowar,0.813219766
324,Gujarat,MAHESANA,Wheat,0.838077578
325,Gujarat,MAHESANA,Rice,0.818421953
326,Gujarat,NARMADA,Millet,0.986855139
327,Gujarat,NARMADA,Jowar,0.811446872
328,Gujarat,NARMADA,Rice,0.806479133
329,Gujarat,NARMADA,Wheat,0.846053774
330,Gujarat,NARMADA,Groundnut,0.926708323
331,Gujarat,NARMADA,Sugarcane,0.995549473
332,Gujarat,NAVSARI,Jowar,0.810256327
333,Gujarat,NAVSARI,Tea,0.996364971
334,Gujarat,NAVSARI,Rice,0.814412806
335,Gujarat,NAVSARI,Wheat,0.840095938
336,Gujarat,NAVSARI,Sugarcane,1
337,Gujarat,NAVSARI,Groundnut,0.926708323
338,Gujarat,PANCH MAHALS,Millet,1
339,Gujarat,PANCH MAHALS,Groundnut,0.921951461
340,Gujarat,PANCH MAHALS,Jowar,0.813219766
341,Gujarat,PANCH MAHALS,Wheat,0.846053774
342,Gujarat,PANCH MAHALS,Rice,0.820656578
343,Gujarat,PANCH MAHALS,Tea,0.999104697
344,Gujarat,PANCH MAHALS,Soyabean,0.924630545
345,Gujarat,PATAN,Millet,0.999100992
346,Gujarat,PATAN,Jowar,0.790889128
347,Gujarat,PATAN,Wheat,0.846053774
348,Gujarat,PORBANDAR,Millet,0.994230165
349,Gujarat,PORBANDAR,Groundnut,0.926708323
350,Gujarat,PORBANDAR,Jowar,0.813219766
351,Gujarat,PORBANDAR,Wheat,0.846053774
352,Gujarat,RAJKOT,Millet,1
353,Gujarat,RAJKOT,Groundnut,0.917088388
354,Gujarat,RAJKOT,Wheat,0.846053774
355,Gujarat,RAJKOT,Sugarcane,1
356,Gujarat,RAJKOT,Jowar,0.813219766
357,Gujarat,SABAR KANTHA,Millet,1
358,Gujarat,SABAR KANTHA,Groundnut,0.91582318
359,Gujarat,SABAR KANTHA,Jowar,0.813219766
360,Gujarat,SABAR KANTHA,Wheat,0.836671161
361,Gujarat,SABAR KANTHA,Rice,0.820656578
362,Gujarat,SABAR KANTHA,Sugarcane,0.992051906
363,Gujarat,SABAR KANTHA,Soyabean,0.996331993
364,Gujarat,SURAT,Millet,0.997460317
365,Gujarat,SURAT,Groundnut,0.926708323
366,Gujarat,SURAT,Jowar,0.813219766
367,Gujarat,SURAT,Wheat,0.843119779
368,Gujarat,SURAT,Rice,0.808972784
369,Gujarat,SURAT,Sugarcane,1
370,Gujarat,SURAT,Soyabean,0.99697097
371,Gujarat,SURENDRANAGAR,Millet,0.98756912
372,Gujarat,SURENDRANAGAR,Groundnut,0.898772518
373,Gujarat,SURENDRANAGAR,Wheat,0.846053774
374,Gujarat,SURENDRANAGAR,Rice,0.820656578
375,Gujarat,SURENDRANAGAR,Sugarcane,1
376,Gujarat,SURENDRANAGAR,Jowar,0.810424036
377,Gujarat,TAPI,Groundnut,0.913546315
378,Gujarat,TAPI,Jowar,0.813219766
379,Gujarat,TAPI,Rice,0.781037776
380,Gujarat,TAPI,Wheat,0.846053774
381,Gujarat,TAPI,Sugarcane,1
382,Gujarat,TAPI,Soyabean,0.980502259
383,Gujarat,VADODARA,Millet,1
384,Gujarat,VADODARA,Groundnut,0.926708323
385,Gujarat,VADODARA,Jowar,0.812650111
386,Gujarat,VADODARA,Wheat,0.846053774
387,Gujarat,VADODARA,Rice,0.808197629
388,Gujarat,VADODARA,Sugarcane,1
389,Gujarat,VADODARA,Soyabean,0.99697097
390,Gujarat,VADODARA,Tea,0.970533268
391,Gujarat,VALSAD,Groundnut,0.926708323
392,Gujarat,VALSAD,Jowar,0.781508054
393,Gujarat,VALSAD,Wheat,0.840692361
394,Gujarat,VALSAD,Tea,0.991027129
395,Gujarat,VALSAD,Rice,0.797711886
396,Gujarat,VALSAD,Sugarcane,0.999064739
397,Haryana,AMBALA,Millet,0.976661407
398,Haryana,AMBALA,Rice,0.820656578
399,Haryana,AMBALA,Wheat,0.843322003
400,Haryana,AMBALA,Sugarcane,1
401,Haryana,BHIWANI,Millet,0.992851283
402,Haryana,BHIWANI,Jowar,0.799453974
403,Haryana,BHIWANI,Rice,0.820656578
404,Haryana,BHIWANI,Barley,0.982868512
405,Haryana,BHIWANI,Wheat,0.846053774
406,Haryana,BHIWANI,Sugarcane,0.971686668
407,Haryana,FARIDABAD,Millet,0.992306465
408,Haryana,FARIDABAD,Jowar,0.813219766
409,Haryana,FARIDABAD,Rice,0.820656578
410,Haryana,FARIDABAD,Barley,0.984424625
411,Haryana,FARIDABAD,Wheat,0.844635
412,Haryana,FARIDABAD,Sugarcane,1
413,Haryana,FATEHABAD,Millet,0.968565298
414,Haryana,FATEHABAD,Rice,0.815863647
415,Haryana,FATEHABAD,Barley,0.996322217
416,Haryana,FATEHABAD,Wheat,0.838538309
417,Haryana,FATEHABAD,Sugarcane,0.987459903
418,Haryana,FATEHABAD,Groundnut,0.917272472
419,Haryana,GURGAON,Millet,1
420,Haryana,GURGAON,Jowar,0.800335495
421,Haryana,GURGAON,Rice,0.820656578
422,Haryana,GURGAON,Barley,0.996322217
423,Haryana,GURGAON,Wheat,0.846053774
424,Haryana,GURGAON,Sugarcane,1
425,Haryana,GURGAON,Groundnut,0.926708323
426,Haryana,HISAR,Millet,0.996398473
427,Haryana,HISAR,Rice,0.818393418
428,Haryana,HISAR,Barley,0.993572263
429,Haryana,HISAR,Wheat,0.845506034
430,Haryana,HISAR,Sugarcane,0.997859749
431,Haryana,HISAR,Groundnut,0.922976334
432,Haryana,JHAJJAR,Millet,1
433,Haryana,JHAJJAR,Jowar,0.770230919
434,Haryana,JHAJJAR,Rice,0.820656578
435,Haryana,JHAJJAR,Barley,0.98907219
436,Haryana,JHAJJAR,Wheat,0.846053774
437,Haryana,JHAJJAR,Sugarcane,0.977450444
438,Haryana,JIND,Millet,0.99953301
439,Haryana,JIND,Jowar,0.612725421
440,Haryana,JIND,Rice,0.817941663
441,Haryana,JIND,Barley,0.99330137
442,Haryana,JIND,Wheat,0.841828423
443,Haryana,JIND,Sugarcane,0.983101569
444,Haryana,KAITHAL,Millet,1
445,Haryana,KAITHAL,Rice,0.820656578
446,Haryana,KAITHAL,Wheat,0.846053774
447,Haryana,KAITHAL,Sugarcane,0.998428382
448,Haryana,KARNAL,Millet,0.975954913
449,Haryana,KARNAL,Rice,0.820656578
450,Haryana,KARNAL,Wheat,0.844363724
451,Haryana,KARNAL,Sugarcane,0.988393549
452,Haryana,KURUKSHETRA,Rice,0.820358992
453,Haryana,KURUKSHETRA,Wheat,0.845905537
454,Haryana,KURUKSHETRA,Sugarcane,0.994012663
455,Haryana,MAHENDRAGARH,Millet,1
456,Haryana,MAHENDRAGARH,Barley,0.996322217
457,Haryana,MAHENDRAGARH,Wheat,0.846053774
458,Haryana,MAHENDRAGARH,Groundnut,0.926708323
459,Haryana,MEWAT,Millet,0.975686802
460,Haryana,MEWAT,Jowar,0.789743396
461,Haryana,MEWAT,Rice,0.812184437
462,Haryana,MEWAT,Barley,0.995434047
463,Haryana,MEWAT,Wheat,0.826772121
464,Haryana,MEWAT,Sugarcane,0.922220484
465,Haryana,PALWAL,Millet,1
466,Haryana,PALWAL,Jowar,0.726183012
467,Haryana,PALWAL,Rice,0.820656578
468,Haryana,PALWAL,Barley,0.984063368
469,Haryana,PALWAL,Wheat,0.834492898
470,Haryana,PALWAL,Sugarcane,1
471,Haryana,PANCHKULA,Millet,0.990823193
472,Haryana,PANCHKULA,Rice,0.815295443
473,Haryana,PANCHKULA,Wheat,0.845044758
474,Haryana,PANCHKULA,Sugarcane,1
475,Haryana,PANCHKULA,Jowar,0.732964214
476,Haryana,PANIPAT,Millet,0.96265964
477,Haryana,PANIPAT,Rice,0.819655631
478,Haryana,PANIPAT,Wheat,0.838504961
479,Haryana,PANIPAT,Sugarcane,0.988914133
480,Haryana,PANIPAT,Jowar,0.813219766
481,Haryana,REWARI,Millet,1
482,Haryana,REWARI,Jowar,0.813219766
483,Haryana,REWARI,Barley,0.996322217
484,Haryana,REWARI,Wheat,0.846053774
485,Haryana,REWARI,Rice,0.818955261
486,Haryana,REWARI,Groundnut,0.926708323
487,Haryana,ROHTAK,Millet,0.989137596
488,Haryana,ROHTAK,Jowar,0.775903601
489,Haryana,ROHTAK,Rice,0.809413633
490,Haryana,ROHTAK,Barley,0.982391872
491,Haryana,ROHTAK,Wheat,0.839934289
492,Haryana,ROHTAK,Sugarcane,1
493,Haryana,SIRSA,Millet,1
494,Haryana,SIRSA,Rice,0.820656578
495,Haryana,SIRSA,Barley,0.996322217
496,Haryana,SIRSA,Wheat,0.839984999
497,Haryana,SIRSA,Groundnut,0.926708323
498,Haryana,SIRSA,Sugarcane,1
499,Haryana,SONIPAT,Millet,0.990341456
500,Haryana,SONIPAT,Jowar,0.792465484
501,Haryana,SONIPAT,Rice,0.816813433
502,Haryana,SONIPAT,Barley,0.965524563
503,Haryana,SONIPAT,Wheat,0.844874711
504,Haryana,SONIPAT,Sugarcane,0.991627597
505,Haryana,YAMUNANAGAR,Millet,1
506,Haryana,YAMUNANAGAR,Rice,0.818941771
507,Haryana,YAMUNANAGAR,Wheat,0.840479888
508,Haryana,YAMUNANAGAR,Sugarcane,1
509,Karnataka,BAGALKOT,Millet,1
510,Karnataka,BAGALKOT,Groundnut,0.926708323
511,Karnataka,BAGALKOT,Jowar,0.813219766
512,Karnataka,BAGALKOT,Soyabean,0.99697097
513,Karnataka,BAGALKOT,Wheat,0.840147844
514,Karnataka,BAGALKOT,Sugarcane,0.991474828
515,Karnataka,BANGALORE RURAL,Rice,0.819928175
516,Karnataka,BANGALORE RURAL,Groundnut,0.926708323
517,Karnataka,BANGALORE RURAL,Tea,0.999104697
518,Karnataka,BANGALORE RURAL,Sugarcane,1
519,Karnataka,BELGAUM,Millet,1
520,Karnataka,BELGAUM,Groundnut,0.926708323
521,Karnataka,BELGAUM,Jowar,0.813219766
522,Karnataka,BELGAUM,Tea,0.999104697
523,Karnataka,BELGAUM,Rice,0.805279431
524,Karnataka,BELGAUM,Wheat,0.846053774
525,Karnataka,BELGAUM,Sugarcane,0.970728332
526,Karnataka,BELGAUM,Soyabean,0.97504014
527,Karnataka,BELLARY,Millet,1
528,Karnataka,BELLARY,Groundnut,0.926708323
529,Karnataka,BELLARY,Jowar,0.813219766
530,Karnataka,BELLARY,Tea,0.993585258
531,Karnataka,BELLARY,Rice,0.820656578
532,Karnataka,BELLARY,Wheat,0.843896694
533,Karnataka,BELLARY,Sugarcane,0.992758761
534,Karnataka,BENGALURU URBAN,Groundnut,0.924624114
535,Karnataka,BENGALURU URBAN,Tea,0.999104697
536,Karnataka,BENGALURU URBAN,Rice,0.820656578
537,Karnataka,BENGALURU URBAN,Jowar,0.813219766
538,Karnataka,BIDAR,Millet,0.982529216
539,Karnataka,BIDAR,Groundnut,0.926708323
540,Karnataka,BIDAR,Jowar,0.813219766
541,Karnataka,BIDAR,Rice,0.820656578
542,Karnataka,BIDAR,Wheat,0.846053774
543,Karnataka,BIDAR,Sugarcane,1
544,Karnataka,BIDAR,Soyabean,0.994863426
545,Karnataka,BIJAPUR,Millet,0.999406504
546,Karnataka,BIJAPUR,Groundnut,0.926708323
547,Karnataka,BIJAPUR,Jowar,0.804727304
548,Karnataka,BIJAPUR,Rice,0.820656578
549,Karnataka,BIJAPUR,Wheat,0.846053774
550,Karnataka,BIJAPUR,Sugarcane,0.978768509
551,Karnataka,CHAMARAJANAGAR,Millet,1
552,Karnataka,CHAMARAJANAGAR,Groundnut,0.926708323
553,Karnataka,CHAMARAJANAGAR,Jowar,0.813219766
554,Karnataka,CHAMARAJANAGAR,Tea,0.999104697
555,Karnataka,CHAMARAJANAGAR,Rice,0.820656578
556,Karnataka,CHAMARAJANAGAR,Sugarcane,1
557,Karnataka,CHIKBALLAPUR,Groundnut,0.922977713
558,Karnataka,CHIKBALLAPUR,Tea,0.972536722
559,Karnataka,CHIKBALLAPUR,Rice,0.820656578
560,Karnataka,CHIKBALLAPUR,Jowar,0.798112227
561,Karnataka,CHIKBALLAPUR,Sugarcane,1
562,Karnataka,CHIKMAGALUR,Groundnut,0.926708323
563,Karnataka,CHIKMAGALUR,Jowar,0.813219766
564,Karnataka,CHIKMAGALUR,Tea,0.999104697
565,Karnataka,CHIKMAGALUR,Rice,0.815611577
566,Karnataka,CHIKMAGALUR,Sugarcane,0.997546062
567,Karnataka,CHITRADURGA,Millet,0.985740131
568,Karnataka,CHITRADURGA,Groundnut,0.926708323
569,Karnataka,CHITRADURGA,Jowar,0.813219766
570,Karnataka,CHITRADURGA,Tea,0.999104697
571,Karnataka,CHITRADURGA,Rice,0.820656578
572,Karnataka,CHITRADURGA,Wheat,0.846053774
573,Karnataka,CHITRADURGA,Sugarcane,0.997755256
574,Karnataka,DAKSHIN KANNAD,Rice,0.820656578
575,Karnataka,DAKSHIN KANNAD,Sugarcane,0.994221454
576,Karnataka,DAVANGERE,Millet,0.967544204
577,Karnataka,DAVANGERE,Groundnut,0.926708323
578,Karnataka,DAVANGERE,Jowar,0.806087444
579,Karnataka,DAVANGERE,Tea,0.987277456
580,Karnataka,DAVANGERE,Rice,0.820656578
581,Karnataka,DAVANGERE,Wheat,0.846053774
582,Karnataka,DAVANGERE,Sugarcane,1
583,Karnataka,DHARWAD,Groundnut,0.926708323
584,Karnataka,DHARWAD,Jowar,0.813219766
585,Karnataka,DHARWAD,Tea,0.985639778
586,Karnataka,DHARWAD,Rice,0.820656578
587,Karnataka,DHARWAD,Wheat,0.846053774
588,Karnataka,DHARWAD,Sugarcane,0.990694817
589,Karnataka,DHARWAD,Soyabean,0.99697097
590,Karnataka,GADAG,Millet,0.978739798
591,Karnataka,GADAG,Groundnut,0.926708323
592,Karnataka,GADAG,Jowar,0.808594388
593,Karnataka,GADAG,Rice,0.820656578
594,Karnataka,GADAG,Wheat,0.812678572
595,Karnataka,GADAG,Sugarcane,1
596,Karnataka,GULBARGA,Millet,0.997264969
597,Karnataka,GULBARGA,Groundnut,0.913141676
598,Karnataka,GULBARGA,Jowar,0.801889389
599,Karnataka,GULBARGA,Rice,0.820115888
600,Karnataka,GULBARGA,Wheat,0.846053774
601,Karnataka,GULBARGA,Sugarcane,0.992310408
602,Karnataka,GULBARGA,Soyabean,0.959865816
603,Karnataka,HASSAN,Groundnut,0.89621004
604,Karnataka,HASSAN,Jowar,0.80237964
605,Karnataka,HASSAN,Tea,0.993162617
606,Karnataka,HASSAN,Rice,0.820656578
607,Karnataka,HASSAN,Sugarcane,1
608,Karnataka,HAVERI,Millet,0.982353831
609,Karnataka,HAVERI,Groundnut,0.926708323
610,Karnataka,HAVERI,Jowar,0.81297683
611,Karnataka,HAVERI,Tea,0.992112189
612,Karnataka,HAVERI,Rice,0.810561357
613,Karnataka,HAVERI,Soyabean,0.99697097
614,Karnataka,HAVERI,Wheat,0.83997449
615,Karnataka,HAVERI,Sugarcane,0.985873363
616,Karnataka,KODAGU,Tea,0.999104697
617,Karnataka,KODAGU,Rice,0.813429111
618,Karnataka,KOLAR,Groundnut,0.909181288
619,Karnataka,KOLAR,Tea,0.981936055
620,Karnataka,KOLAR,Rice,0.820656578
621,Karnataka,KOLAR,Sugarcane,0.99908997
622,Karnataka,KOLAR,Millet,1
623,Karnataka,KOPPAL,Millet,1
624,Karnataka,KOPPAL,Groundnut,0.923801634
625,Karnataka,KOPPAL,Jowar,0.798306001
626,Karnataka,KOPPAL,Rice,0.817763086
627,Karnataka,KOPPAL,Wheat,0.846053774
628,Karnataka,KOPPAL,Sugarcane,0.995983721
629,Karnataka,MANDYA,Groundnut,0.925010773
630,Karnataka,MANDYA,Jowar,0.80705344
631,Karnataka,MANDYA,Tea,0.997230325
632,Karnataka,MANDYA,Rice,0.818970226
633,Karnataka,MANDYA,Sugarcane,0.999230948
634,Karnataka,MYSORE,Groundnut,0.926708323
635,Karnataka,MYSORE,Jowar,0.805819011
636,Karnataka,MYSORE,Tea,0.994599272
637,Karnataka,MYSORE,Rice,0.820656578
638,Karnataka,MYSORE,Sugarcane,0.98900494
639,Karnataka,RAICHUR,Millet,1
640,Karnataka,RAICHUR,Groundnut,0.92362176
641,Karnataka,RAICHUR,Jowar,0.808409718
642,Karnataka,RAICHUR,Rice,0.819989557
643,Karnataka,RAICHUR,Wheat,0.846053774
644,Karnataka,RAICHUR,Sugarcane,0.995727868
645,Karnataka,RAMANAGARA,Groundnut,0.893837247
646,Karnataka,RAMANAGARA,Tea,0.997227292
647,Karnataka,RAMANAGARA,Rice,0.820656578
648,Karnataka,RAMANAGARA,Sugarcane,1
649,Karnataka,SHIMOGA,Groundnut,0.919829378
650,Karnataka,SHIMOGA,Jowar,0.813219766
651,Karnataka,SHIMOGA,Tea,0.999104697
652,Karnataka,SHIMOGA,Rice,0.812620449
653,Karnataka,SHIMOGA,Sugarcane,1
654,Karnataka,TUMKUR,Millet,0.922680758
655,Karnataka,TUMKUR,Groundnut,0.926708323
656,Karnataka,TUMKUR,Jowar,0.813219766
657,Karnataka,TUMKUR,Tea,0.988086629
658,Karnataka,TUMKUR,Rice,0.820460352
659,Karnataka,TUMKUR,Sugarcane,0.992698078
660,Karnataka,UDUPI,Rice,0.820656578
661,Karnataka,UDUPI,Groundnut,0.926708323
662,Karnataka,UDUPI,Sugarcane,0.949266654
663,Karnataka,UTTAR KANNAD,Groundnut,0.926708323
664,Karnataka,UTTAR KANNAD,Jowar,0.813219766
665,Karnataka,UTTAR KANNAD,Rice,0.818142327
666,Karnataka,UTTAR KANNAD,Sugarcane,0.993313579
667,Karnataka,YADGIR,Millet,1
668,Karnataka,YADGIR,Groundnut,0.926708323
669,Karnataka,YADGIR,Jowar,0.813219766
670,Karnataka,YADGIR,Rice,0.820656578
671,Karnataka,YADGIR,Wheat,0.830267225
672,Karnataka,YADGIR,Sugarcane,0.992363666
673,Madhya Pradesh,ALIRAJPUR,Millet,1
674,Madhya Pradesh,ALIRAJPUR,Groundnut,0.926708323
675,Madhya Pradesh,ALIRAJPUR,Jowar,0.809375368
676,Madhya Pradesh,ALIRAJPUR,Rice,0.820656578
677,Madhya Pradesh,ALIRAJPUR,Soyabean,0.99697097
678,Madhya Pradesh,ALIRAJPUR,Wheat,0.846053774
679,Madhya Pradesh,ANUPPUR,Groundnut,0.926708323
680,Madhya Pradesh,ANUPPUR,Jowar,0.794754761
681,Madhya Pradesh,ANUPPUR,Rice,0.820656578
682,Madhya Pradesh,ANUPPUR,Soyabean,0.986829232
683,Madhya Pradesh,ANUPPUR,Wheat,0.836908701
684,Madhya Pradesh,ASHOKNAGAR,Groundnut,0.926708323
685,Madhya Pradesh,ASHOKNAGAR,Jowar,0.813219766
686,Madhya Pradesh,ASHOKNAGAR,Rice,0.820656578
687,Madhya Pradesh,ASHOKNAGAR,Soyabean,0.981048724
688,Madhya Pradesh,ASHOKNAGAR,Barley,0.986991052
689,Madhya Pradesh,ASHOKNAGAR,Wheat,0.832465843
690,Madhya Pradesh,ASHOKNAGAR,Sugarcane,0.987026007
691,Madhya Pradesh,BALAGHAT,Soyabean,0.996521765
692,Madhya Pradesh,BALAGHAT,Wheat,0.844280524
693,Madhya Pradesh,BALAGHAT,Rice,0.763915875
694,Madhya Pradesh,BALAGHAT,Sugarcane,1
695,Madhya Pradesh,BALAGHAT,Tea,0.999104697
696,Madhya Pradesh,BALAGHAT,Groundnut,0.917130619
697,Madhya Pradesh,BARWANI,Millet,0.923333013
698,Madhya Pradesh,BARWANI,Groundnut,0.920006426
699,Madhya Pradesh,BARWANI,Jowar,0.782931029
700,Madhya Pradesh,BARWANI,Rice,0.804496529
701,Madhya Pradesh,BARWANI,Soyabean,0.99697097
702,Madhya Pradesh,BARWANI,Wheat,0.846053774
703,Madhya Pradesh,BARWANI,Sugarcane,1
704,Madhya Pradesh,BETUL,Groundnut,0.89823325
705,Madhya Pradesh,BETUL,Jowar,0.780870839
706,Madhya Pradesh,BETUL,Soyabean,0.985985697
707,Madhya Pradesh,BETUL,Wheat,0.846053774
708,Madhya Pradesh,BETUL,Rice,0.810002591
709,Madhya Pradesh,BETUL,Sugarcane,0.994797945
710,Madhya Pradesh,BHIND,Millet,1
711,Madhya Pradesh,BHIND,Jowar,0.7912755
712,Madhya Pradesh,BHIND,Soyabean,0.99697097
713,Madhya Pradesh,BHIND,Barley,0.965025781
714,Madhya Pradesh,BHIND,Wheat,0.810424988
715,Madhya Pradesh,BHIND,Rice,0.820656578
716,Madhya Pradesh,BHOPAL,Jowar,0.810421374
717,Madhya Pradesh,BHOPAL,Soyabean,0.996847332
718,Madhya Pradesh,BHOPAL,Wheat,0.846053774
719,Madhya Pradesh,BHOPAL,Rice,0.819894502
720,Madhya Pradesh,BHOPAL,Sugarcane,1
721,Madhya Pradesh,BHOPAL,Groundnut,0.923779815
722,Madhya Pradesh,BURHANPUR,Groundnut,0.926708323
723,Madhya Pradesh,BURHANPUR,Jowar,0.813219766
724,Madhya Pradesh,BURHANPUR,Rice,0.815937559
725,Madhya Pradesh,BURHANPUR,Soyabean,0.99697097
726,Madhya Pradesh,BURHANPUR,Wheat,0.841721161
727,Madhya Pradesh,BURHANPUR,Sugarcane,0.994596083
728,Madhya Pradesh,BURHANPUR,Millet,0.993739729
729,Madhya Pradesh,CHHATARPUR,Groundnut,0.899749495
730,Madhya Pradesh,CHHATARPUR,Jowar,0.803854851
731,Madhya Pradesh,CHHATARPUR,Soyabean,0.983935556
732,Madhya Pradesh,CHHATARPUR,Barley,0.996322217
733,Madhya Pradesh,CHHATARPUR,Wheat,0.846053774
734,Madhya Pradesh,CHHATARPUR,Millet,1
735,Madhya Pradesh,CHHATARPUR,Rice,0.816696031
736,Madhya Pradesh,CHHATARPUR,Sugarcane,0.924558637
737,Madhya Pradesh,CHHINDWARA,Groundnut,0.92531623
738,Madhya Pradesh,CHHINDWARA,Jowar,0.80528708
739,Madhya Pradesh,CHHINDWARA,Soyabean,0.99697097
740,Madhya Pradesh,CHHINDWARA,Wheat,0.846053774
741,Madhya Pradesh,CHHINDWARA,Rice,0.775134814
742,Madhya Pradesh,CHHINDWARA,Sugarcane,0.984543509
743,Madhya Pradesh,CHHINDWARA,Millet,1
744,Madhya Pradesh,DAMOH,Groundnut,0.926708323
745,Madhya Pradesh,DAMOH,Jowar,0.809520813
746,Madhya Pradesh,DAMOH,Soyabean,0.984263344
747,Madhya Pradesh,DAMOH,Wheat,0.846053774
748,Madhya Pradesh,DAMOH,Rice,0.820656578
749,Madhya Pradesh,DATIA,Groundnut,0.926708323
750,Madhya Pradesh,DATIA,Jowar,0.804771465
751,Madhya Pradesh,DATIA,Soyabean,0.99697097
752,Madhya Pradesh,DATIA,Barley,0.996322217
753,Madhya Pradesh,DATIA,Wheat,0.846053774
754,Madhya Pradesh,DATIA,Millet,0.970839577
755,Madhya Pradesh,DATIA,Rice,0.803472236
756,Madhya Pradesh,DATIA,Sugarcane,0.995005544
757,Madhya Pradesh,DEWAS,Groundnut,0.919409775
758,Madhya Pradesh,DEWAS,Jowar,0.797435019
759,Madhya Pradesh,DEWAS,Soyabean,0.9923215
760,Madhya Pradesh,DEWAS,Wheat,0.84389393
761,Madhya Pradesh,DEWAS,Rice,0.820656578
762,Madhya Pradesh,DEWAS,Sugarcane,1
763,Madhya Pradesh,DHAR,Millet,0.982799597
764,Madhya Pradesh,DHAR,Groundnut,0.919449544
765,Madhya Pradesh,DHAR,Jowar,0.801134488
766,Madhya Pradesh,DHAR,Soyabean,0.979297111
767,Madhya Pradesh,DHAR,Wheat,0.846053774
768,Madhya Pradesh,DHAR,Rice,0.808604122
769,Madhya Pradesh,DHAR,Sugarcane,0.996266478
770,Madhya Pradesh,DINDORI,Rice,0.810262496
771,Madhya Pradesh,DINDORI,Soyabean,0.991784107
772,Madhya Pradesh,DINDORI,Wheat,0.846053774
773,Madhya Pradesh,GUNA,Groundnut,0.926708323
774,Madhya Pradesh,GUNA,Jowar,0.803651561
775,Madhya Pradesh,GUNA,Soyabean,0.98407158
776,Madhya Pradesh,GUNA,Wheat,0.846053774
777,Madhya Pradesh,GUNA,Rice,0.820656578
778,Madhya Pradesh,GUNA,Sugarcane,0.996222998
779,Madhya Pradesh,GUNA,Barley,0.996322217
780,Madhya Pradesh,GUNA,Millet,0.917934817
781,Madhya Pradesh,GWALIOR,Millet,0.996000251
782,Madhya Pradesh,GWALIOR,Groundnut,0.923425771
783,Madhya Pradesh,GWALIOR,Jowar,0.801746081
784,Madhya Pradesh,GWALIOR,Soyabean,0.99697097
785,Madhya Pradesh,GWALIOR,Barley,0.996322217
786,Madhya Pradesh,GWALIOR,Wheat,0.846053774
787,Madhya Pradesh,GWALIOR,Rice,0.820656578
788,Madhya Pradesh,GWALIOR,Sugarcane,0.9938648
789,Madhya Pradesh,HARDA,Jowar,0.800114081
790,Madhya Pradesh,HARDA,Rice,0.807733547
791,Madhya Pradesh,HARDA,Soyabean,0.9953908
792,Madhya Pradesh,HARDA,Barley,0.981845354
793,Madhya Pradesh,HARDA,Wheat,0.846053774
794,Madhya Pradesh,HARDA,Sugarcane,1
795,Madhya Pradesh,HOSHANGABAD,Jowar,0.813219766
796,Madhya Pradesh,HOSHANGABAD,Soyabean,0.971059907
797,Madhya Pradesh,HOSHANGABAD,Wheat,0.842628019
798,Madhya Pradesh,HOSHANGABAD,Rice,0.791957668
799,Madhya Pradesh,HOSHANGABAD,Sugarcane,1
800,Madhya Pradesh,INDORE,Jowar,0.793894311
801,Madhya Pradesh,INDORE,Soyabean,0.995452494
802,Madhya Pradesh,INDORE,Wheat,0.846053774
803,Madhya Pradesh,INDORE,Sugarcane,1
804,Madhya Pradesh,INDORE,Groundnut,0.916097051
805,Madhya Pradesh,JABALPUR,Jowar,0.809661473
806,Madhya Pradesh,JABALPUR,Soyabean,0.99697097
807,Madhya Pradesh,JABALPUR,Wheat,0.842857598
808,Madhya Pradesh,JABALPUR,Rice,0.80211029
809,Madhya Pradesh,JABALPUR,Sugarcane,0.9764756
810,Madhya Pradesh,JHABUA,Millet,0.994247023
811,Madhya Pradesh,JHABUA,Groundnut,0.904558969
812,Madhya Pradesh,JHABUA,Jowar,0.813219766
813,Madhya Pradesh,JHABUA,Soyabean,0.97670929
814,Madhya Pradesh,JHABUA,Barley,0.996322217
815,Madhya Pradesh,JHABUA,Wheat,0.846053774
816,Madhya Pradesh,JHABUA,Rice,0.75378867
817,Madhya Pradesh,KATNI,Jowar,0.813219766
818,Madhya Pradesh,KATNI,Rice,0.820656578
819,Madhya Pradesh,KATNI,Soyabean,0.99697097
820,Madhya Pradesh,KATNI,Barley,0.962354393
821,Madhya Pradesh,KATNI,Wheat,0.786192087
822,Madhya Pradesh,KHANDWA,Millet,1
823,Madhya Pradesh,KHANDWA,Groundnut,0.926708323
824,Madhya Pradesh,KHANDWA,Jowar,0.813219766
825,Madhya Pradesh,KHANDWA,Soyabean,0.99697097
826,Madhya Pradesh,KHANDWA,Wheat,0.839795075
827,Madhya Pradesh,KHANDWA,Rice,0.811312987
828,Madhya Pradesh,KHANDWA,Sugarcane,0.996714249
829,Madhya Pradesh,KHARGONE,Millet,0.993526171
830,Madhya Pradesh,KHARGONE,Groundnut,0.926708323
831,Madhya Pradesh,KHARGONE,Jowar,0.813219766
832,Madhya Pradesh,KHARGONE,Soyabean,0.994756653
833,Madhya Pradesh,KHARGONE,Wheat,0.843214575
834,Madhya Pradesh,KHARGONE,Rice,0.806970454
835,Madhya Pradesh,KHARGONE,Sugarcane,0.986135067
836,Madhya Pradesh,MANDLA,Jowar,0.813219766
837,Madhya Pradesh,MANDLA,Soyabean,0.981339123
838,Madhya Pradesh,MANDLA,Wheat,0.846053774
839,Madhya Pradesh,MANDLA,Rice,0.816727313
840,Madhya Pradesh,MANDLA,Sugarcane,1
841,Madhya Pradesh,MANDSAUR,Groundnut,0.926708323
842,Madhya Pradesh,MANDSAUR,Jowar,0.7816435
843,Madhya Pradesh,MANDSAUR,Soyabean,0.975369971
844,Madhya Pradesh,MANDSAUR,Barley,0.98942301
845,Madhya Pradesh,MANDSAUR,Wheat,0.834453871
846,Madhya Pradesh,MORENA,Millet,0.989558076
847,Madhya Pradesh,MORENA,Jowar,0.810525622
848,Madhya Pradesh,MORENA,Soyabean,0.995983708
849,Madhya Pradesh,MORENA,Barley,0.996322217
850,Madhya Pradesh,MORENA,Wheat,0.834663866
851,Madhya Pradesh,MORENA,Rice,0.820656578
852,Madhya Pradesh,MORENA,Sugarcane,1
853,Madhya Pradesh,NARSINGHPUR,Jowar,0.806597678
854,Madhya Pradesh,NARSINGHPUR,Soyabean,0.996692364
855,Madhya Pradesh,NARSINGHPUR,Wheat,0.846053774
856,Madhya Pradesh,NARSINGHPUR,Rice,0.820246611
857,Madhya Pradesh,NARSINGHPUR,Sugarcane,1
858,Madhya Pradesh,NEEMUCH,Groundnut,0.926708323
859,Madhya Pradesh,NEEMUCH,Jowar,0.813219766
860,Madhya Pradesh,NEEMUCH,Soyabean,0.99697097
861,Madhya Pradesh,NEEMUCH,Barley,0.982620101
862,Madhya Pradesh,NEEMUCH,Wheat,0.846053774
863,Madhya Pradesh,PANNA,Jowar,0.799078527
864,Madhya Pradesh,PANNA,Soyabean,0.973154659
865,Madhya Pradesh,PANNA,Barley,0.996322217
866,Madhya Pradesh,PANNA,Wheat,0.846053774
867,Madhya Pradesh,PANNA,Rice,0.815046635
868,Madhya Pradesh,PANNA,Sugarcane,1
869,Madhya Pradesh,PANNA,Groundnut,0.918346133
870,Madhya Pradesh,RAISEN,Jowar,0.745537897
871,Madhya Pradesh,RAISEN,Soyabean,0.99697097
872,Madhya Pradesh,RAISEN,Wheat,0.825963476
873,Madhya Pradesh,RAISEN,Rice,0.797768004
874,Madhya Pradesh,RAISEN,Groundnut,0.921072773
875,Madhya Pradesh,RAISEN,Sugarcane,0.997030529
876,Madhya Pradesh,RAJGARH,Groundnut,0.920842893
877,Madhya Pradesh,RAJGARH,Soyabean,0.990546608
878,Madhya Pradesh,RAJGARH,Wheat,0.829463007
879,Madhya Pradesh,RAJGARH,Jowar,0.813219766
880,Madhya Pradesh,RAJGARH,Rice,0.811418838
881,Madhya Pradesh,RAJGARH,Sugarcane,1
882,Madhya Pradesh,RATLAM,Groundnut,0.926689019
883,Madhya Pradesh,RATLAM,Jowar,0.718665402
884,Madhya Pradesh,RATLAM,Soyabean,0.963771738
885,Madhya Pradesh,RATLAM,Wheat,0.835934609
886,Madhya Pradesh,RATLAM,Rice,0.800391991
887,Madhya Pradesh,RATLAM,Sugarcane,1
888,Madhya Pradesh,RATLAM,Millet,1
889,Madhya Pradesh,REWA,Millet,0.998584311
890,Madhya Pradesh,REWA,Jowar,0.813219766
891,Madhya Pradesh,REWA,Soyabean,0.976781297
892,Madhya Pradesh,REWA,Barley,0.992262259
893,Madhya Pradesh,REWA,Wheat,0.846053774
894,Madhya Pradesh,REWA,Rice,0.820656578
895,Madhya Pradesh,SAGAR,Groundnut,0.920617508
896,Madhya Pradesh,SAGAR,Jowar,0.797888723
897,Madhya Pradesh,SAGAR,Soyabean,0.987008212
898,Madhya Pradesh,SAGAR,Barley,0.995014276
899,Madhya Pradesh,SAGAR,Wheat,0.844740929
900,Madhya Pradesh,SAGAR,Rice,0.812726364
901,Madhya Pradesh,SAGAR,Sugarcane,1
902,Madhya Pradesh,SATNA,Jowar,0.808088979
903,Madhya Pradesh,SATNA,Soyabean,0.99697097
904,Madhya Pradesh,SATNA,Barley,0.994880385
905,Madhya Pradesh,SATNA,Wheat,0.846053774
906,Madhya Pradesh,SATNA,Rice,0.820656578
907,Madhya Pradesh,SEHORE,Jowar,0.813219766
908,Madhya Pradesh,SEHORE,Soyabean,0.993712173
909,Madhya Pradesh,SEHORE,Wheat,0.842575571
910,Madhya Pradesh,SEHORE,Groundnut,0.926708323
911,Madhya Pradesh,SEHORE,Rice,0.735385353
912,Madhya Pradesh,SEHORE,Sugarcane,1
913,Madhya Pradesh,SEONI,Groundnut,0.921210304
914,Madhya Pradesh,SEONI,Jowar,0.796105276
915,Madhya Pradesh,SEONI,Soyabean,0.99525806
916,Madhya Pradesh,SEONI,Wheat,0.832557444
917,Madhya Pradesh,SEONI,Rice,0.78146511
918,Madhya Pradesh,SEONI,Sugarcane,1
919,Madhya Pradesh,SHAHDOL,Groundnut,0.926708323
920,Madhya Pradesh,SHAHDOL,Jowar,0.807205311
921,Madhya Pradesh,SHAHDOL,Soyabean,0.948665214
922,Madhya Pradesh,SHAHDOL,Barley,0.993071936
923,Madhya Pradesh,SHAHDOL,Wheat,0.846053774
924,Madhya Pradesh,SHAHDOL,Rice,0.820656578
925,Madhya Pradesh,SHAJAPUR,Groundnut,0.926708323
926,Madhya Pradesh,SHAJAPUR,Jowar,0.813219766
927,Madhya Pradesh,SHAJAPUR,Soyabean,0.992267128
928,Madhya Pradesh,SHAJAPUR,Barley,0.996322217
929,Madhya Pradesh,SHAJAPUR,Wheat,0.845917336
930,Madhya Pradesh,SHAJAPUR,Rice,0.820656578
931,Madhya Pradesh,SHAJAPUR,Sugarcane,1
932,Madhya Pradesh,SHEOPUR,Millet,1
933,Madhya Pradesh,SHEOPUR,Groundnut,0.926708323
934,Madhya Pradesh,SHEOPUR,Jowar,0.813219766
935,Madhya Pradesh,SHEOPUR,Rice,0.76601091
936,Madhya Pradesh,SHEOPUR,Soyabean,0.975508279
937,Madhya Pradesh,SHEOPUR,Barley,0.991544199
938,Madhya Pradesh,SHEOPUR,Wheat,0.825562375
939,Madhya Pradesh,SHEOPUR,Sugarcane,0.426776245
940,Madhya Pradesh,SHIVPURI,Millet,0.999670376
941,Madhya Pradesh,SHIVPURI,Groundnut,0.904730579
942,Madhya Pradesh,SHIVPURI,Jowar,0.759401524
943,Madhya Pradesh,SHIVPURI,Soyabean,0.98606551
944,Madhya Pradesh,SHIVPURI,Barley,0.996322217
945,Madhya Pradesh,SHIVPURI,Wheat,0.831224015
946,Madhya Pradesh,SHIVPURI,Rice,0.795873778
947,Madhya Pradesh,SHIVPURI,Sugarcane,0.998522202
948,Madhya Pradesh,SIDHI,Jowar,0.811918619
949,Madhya Pradesh,SIDHI,Soyabean,0.987709465
950,Madhya Pradesh,SIDHI,Barley,0.981508138
951,Madhya Pradesh,SIDHI,Wheat,0.82817123
952,Madhya Pradesh,SIDHI,Rice,0.784180152
953,Madhya Pradesh,SINGRAULI,Jowar,0.813219766
954,Madhya Pradesh,SINGRAULI,Rice,0.820656578
955,Madhya Pradesh,SINGRAULI,Barley,0.987739517
956,Madhya Pradesh,SINGRAULI,Wheat,0.768478506
957,Madhya Pradesh,TIKAMGARH,Groundnut,0.926708323
958,Madhya Pradesh,TIKAMGARH,Jowar,0.803652524
959,Madhya Pradesh,TIKAMGARH,Soyabean,0.974259068
960,Madhya Pradesh,TIKAMGARH,Barley,0.996322217
961,Madhya Pradesh,TIKAMGARH,Wheat,0.836928552
962,Madhya Pradesh,TIKAMGARH,Rice,0.820656578
963,Madhya Pradesh,TIKAMGARH,Sugarcane,0.993807964
964,Madhya Pradesh,UJJAIN,Jowar,0.799166362
965,Madhya Pradesh,UJJAIN,Soyabean,0.961384724
966,Madhya Pradesh,UJJAIN,Barley,0.996322217
967,Madhya Pradesh,UJJAIN,Wheat,0.84528753
968,Madhya Pradesh,UJJAIN,Sugarcane,1
969,Madhya Pradesh,UJJAIN,Groundnut,0.915255417
970,Madhya Pradesh,UMARIA,Jowar,0.807498964
971,Madhya Pradesh,UMARIA,Rice,0.81343517
972,Madhya Pradesh,UMARIA,Barley,0.991990019
973,Madhya Pradesh,UMARIA,Wheat,0.846053774
974,Madhya Pradesh,UMARIA,Soyabean,0.914651674
975,Madhya Pradesh,VIDISHA,Groundnut,0.926708323
976,Madhya Pradesh,VIDISHA,Jowar,0.791456277
977,Madhya Pradesh,VIDISHA,Soyabean,0.994901645
978,Madhya Pradesh,VIDISHA,Barley,0.994756437
979,Madhya Pradesh,VIDISHA,Wheat,0.841155813
980,Madhya Pradesh,VIDISHA,Rice,0.820656578
981,Madhya Pradesh,VIDISHA,Sugarcane,1
982,Maharashtra,AHMEDNAGAR,Millet,1
983,Maharashtra,AHMEDNAGAR,Jowar,0.802368215
984,Maharashtra,AHMEDNAGAR,Tea,0.999104697
985,Maharashtra,AHMEDNAGAR,Rice,0.820656578
986,Maharashtra,AHMEDNAGAR,Sugarcane,0.997528907
987,Maharashtra,AHMEDNAGAR,Wheat,0.836377345
988,Maharashtra,AHMEDNAGAR,Groundnut,0.902990686
989,Maharashtra,AHMEDNAGAR,Soyabean,0.973990801
990,Maharashtra,AKOLA,Millet,0.996398116
991,Maharashtra,AKOLA,Jowar,0.813219766
992,Maharashtra,AKOLA,Rice,0.798434356
993,Maharashtra,AKOLA,Wheat,0.814749176
994,Maharashtra,AKOLA,Groundnut,0.899291341
995,Maharashtra,AKOLA,Soyabean,0.99697097
996,Maharashtra,AKOLA,Sugarcane,0.985028954
997,Maharashtra,AMRAVATI,Millet,1
998,Maharashtra,AMRAVATI,Jowar,0.806521881
999,Maharashtra,AMRAVATI,Rice,0.820656578
1000,Maharashtra,AMRAVATI,Wheat,0.829241085
1001,Maharashtra,AMRAVATI,Groundnut,0.923300746
1002,Maharashtra,AMRAVATI,Soyabean,0.99697097
1003,Maharashtra,AMRAVATI,Sugarcane,1
1004,Maharashtra,BEED,Millet,1
1005,Maharashtra,BEED,Jowar,0.80624008
1006,Maharashtra,BEED,Rice,0.818977152
1007,Maharashtra,BEED,Wheat,0.819690118
1008,Maharashtra,BEED,Groundnut,0.926708323
1009,Maharashtra,BEED,Soyabean,0.99697097
1010,Maharashtra,BEED,Sugarcane,1
1011,Maharashtra,BHANDARA,Jowar,0.809851045
1012,Maharashtra,BHANDARA,Rice,0.804880853
1013,Maharashtra,BHANDARA,Wheat,0.836552112
1014,Maharashtra,BHANDARA,Soyabean,0.99697097
1015,Maharashtra,BHANDARA,Sugarcane,0.998022127
1016,Maharashtra,BULDHANA,Millet,1
1017,Maharashtra,BULDHANA,Jowar,0.807800659
1018,Maharashtra,BULDHANA,Rice,0.760191462
1019,Maharashtra,BULDHANA,Wheat,0.837870358
1020,Maharashtra,BULDHANA,Groundnut,0.926476787
1021,Maharashtra,BULDHANA,Soyabean,0.986851602
1022,Maharashtra,BULDHANA,Sugarcane,1
1023,Maharashtra,CHANDRAPUR,Jowar,0.790645047
1024,Maharashtra,CHANDRAPUR,Rice,0.805981627
1025,Maharashtra,CHANDRAPUR,Wheat,0.846053774
1026,Maharashtra,CHANDRAPUR,Soyabean,0.99697097
1027,Maharashtra,DHULE,Millet,0.994706729
1028,Maharashtra,DHULE,Jowar,0.811011046
1029,Maharashtra,DHULE,Tea,0.999104697
1030,Maharashtra,DHULE,Rice,0.820656578
1031,Maharashtra,DHULE,Sugarcane,0.97316507
1032,Maharashtra,DHULE,Wheat,0.82225722
1033,Maharashtra,DHULE,Groundnut,0.926708323
1034,Maharashtra,DHULE,Soyabean,0.99697097
1035,Maharashtra,GADCHIROLI,Rice,0.792719904
1036,Maharashtra,GADCHIROLI,Jowar,0.794383286
1037,Maharashtra,GADCHIROLI,Wheat,0.83530831
1038,Maharashtra,GADCHIROLI,Soyabean,0.995686729
1039,Maharashtra,GONDIA,Jowar,0.813219766
1040,Maharashtra,GONDIA,Rice,0.81288607
1041,Maharashtra,GONDIA,Wheat,0.838357249
1042,Maharashtra,GONDIA,Sugarcane,0.970876058
1043,Maharashtra,HINGOLI,Soyabean,0.99697097
1044,Maharashtra,HINGOLI,Groundnut,0.926708323
1045,Maharashtra,HINGOLI,Sugarcane,1
1046,Maharashtra,HINGOLI,Millet,0.962704576
1047,Maharashtra,HINGOLI,Jowar,0.813219766
1048,Maharashtra,HINGOLI,Rice,0.820656578
1049,Maharashtra,HINGOLI,Wheat,0.846053774
1050,Maharashtra,JALGAON,Millet,1
1051,Maharashtra,JALGAON,Jowar,0.807275679
1052,Maharashtra,JALGAON,Rice,0.815488078
1053,Maharashtra,JALGAON,Sugarcane,1
1054,Maharashtra,JALGAON,Wheat,0.833046513
1055,Maharashtra,JALGAON,Groundnut,0.926708323
1056,Maharashtra,JALGAON,Soyabean,0.995725961
1057,Maharashtra,JALNA,Millet,0.988342536
1058,Maharashtra,JALNA,Jowar,0.795427553
1059,Maharashtra,JALNA,Rice,0.81963892
1060,Maharashtra,JALNA,Wheat,0.833498656
1061,Maharashtra,JALNA,Groundnut,0.926519546
1062,Maharashtra,JALNA,Soyabean,0.996744572
1063,Maharashtra,JALNA,Sugarcane,0.994007928
1064,Maharashtra,KOLHAPUR,Jowar,0.773375688
1065,Maharashtra,KOLHAPUR,Tea,0.999104697
1066,Maharashtra,KOLHAPUR,Rice,0.756951903
1067,Maharashtra,KOLHAPUR,Wheat,0.845963795
1068,Maharashtra,KOLHAPUR,Groundnut,0.921924293
1069,Maharashtra,KOLHAPUR,Soyabean,0.99697097
1070,Maharashtra,KOLHAPUR,Sugarcane,0.976661769
1071,Maharashtra,LATUR,Millet,1
1072,Maharashtra,LATUR,Jowar,0.813219766
1073,Maharashtra,LATUR,Rice,0.820656578
1074,Maharashtra,LATUR,Wheat,0.846053774
1075,Maharashtra,LATUR,Groundnut,0.925326807
1076,Maharashtra,LATUR,Soyabean,0.99697097
1077,Maharashtra,LATUR,Sugarcane,1
1078,Maharashtra,NAGPUR,Jowar,0.806725263
1079,Maharashtra,NAGPUR,Rice,0.811007923
1080,Maharashtra,NAGPUR,Wheat,0.842969724
1081,Maharashtra,NAGPUR,Groundnut,0.926708323
1082,Maharashtra,NAGPUR,Soyabean,0.99697097
1083,Maharashtra,NAGPUR,Sugarcane,1
1084,Maharashtra,NANDED,Millet,1
1085,Maharashtra,NANDED,Jowar,0.813219766
1086,Maharashtra,NANDED,Rice,0.820656578
1087,Maharashtra,NANDED,Wheat,0.827706385
1088,Maharashtra,NANDED,Groundnut,0.926708323
1089,Maharashtra,NANDED,Soyabean,0.99697097
1090,Maharashtra,NANDED,Sugarcane,1
1091,Maharashtra,NANDURBAR,Groundnut,0.926708323
1092,Maharashtra,NANDURBAR,Rice,0.792979509
1093,Maharashtra,NANDURBAR,Soyabean,0.99697097
1094,Maharashtra,NANDURBAR,Wheat,0.823749726
1095,Maharashtra,NANDURBAR,Sugarcane,1
1096,Maharashtra,NANDURBAR,Millet,1
1097,Maharashtra,NANDURBAR,Jowar,0.797199651
1098,Maharashtra,NANDURBAR,Tea,0.999104697
1099,Maharashtra,NASHIK,Millet,1
1100,Maharashtra,NASHIK,Jowar,0.813219766
1101,Maharashtra,NASHIK,Tea,0.974778589
1102,Maharashtra,NASHIK,Rice,0.799701656
1103,Maharashtra,NASHIK,Sugarcane,1
1104,Maharashtra,NASHIK,Wheat,0.835889881
1105,Maharashtra,NASHIK,Groundnut,0.926708323
1106,Maharashtra,NASHIK,Soyabean,0.99697097
1107,Maharashtra,OSMANABAD,Millet,0.963227638
1108,Maharashtra,OSMANABAD,Jowar,0.803731326
1109,Maharashtra,OSMANABAD,Rice,0.820633564
1110,Maharashtra,OSMANABAD,Wheat,0.819420984
1111,Maharashtra,OSMANABAD,Groundnut,0.89177167
1112,Maharashtra,OSMANABAD,Soyabean,0.95768075
1113,Maharashtra,OSMANABAD,Sugarcane,0.999575132
1114,Maharashtra,PARBHANI,Millet,0.989179752
1115,Maharashtra,PARBHANI,Jowar,0.797231048
1116,Maharashtra,PARBHANI,Rice,0.820656578
1117,Maharashtra,PARBHANI,Wheat,0.843860685
1118,Maharashtra,PARBHANI,Groundnut,0.926708323
1119,Maharashtra,PARBHANI,Soyabean,0.993586609
1120,Maharashtra,PARBHANI,Sugarcane,1
1121,Maharashtra,PUNE,Millet,0.998317258
1122,Maharashtra,PUNE,Jowar,0.804840867
1123,Maharashtra,PUNE,Tea,0.999104697
1124,Maharashtra,PUNE,Rice,0.751864267
1125,Maharashtra,PUNE,Sugarcane,0.997944236
1126,Maharashtra,PUNE,Wheat,0.82467126
1127,Maharashtra,PUNE,Groundnut,0.914378635
1128,Maharashtra,PUNE,Soyabean,0.976245178
1129,Maharashtra,RAIGAD,Tea,0.998252878
1130,Maharashtra,RAIGAD,Rice,0.814642251
1131,Maharashtra,RATNAGIRI,Tea,0.993937602
1132,Maharashtra,RATNAGIRI,Rice,0.813572483
1133,Maharashtra,RATNAGIRI,Groundnut,0.912764968
1134,Maharashtra,SANGLI,Millet,0.96061156
1135,Maharashtra,SANGLI,Jowar,0.812034348
1136,Maharashtra,SANGLI,Tea,0.996709136
1137,Maharashtra,SANGLI,Rice,0.815089293
1138,Maharashtra,SANGLI,Wheat,0.822307403
1139,Maharashtra,SANGLI,Groundnut,0.895161493
1140,Maharashtra,SANGLI,Soyabean,0.992530779
1141,Maharashtra,SANGLI,Sugarcane,0.983791054
1142,Maharashtra,SATARA,Millet,0.988146198
1143,Maharashtra,SATARA,Jowar,0.81035268
1144,Maharashtra,SATARA,Tea,0.999104697
1145,Maharashtra,SATARA,Rice,0.802722461
1146,Maharashtra,SATARA,Wheat,0.814403704
1147,Maharashtra,SATARA,Groundnut,0.922239596
1148,Maharashtra,SATARA,Soyabean,0.99697097
1149,Maharashtra,SATARA,Sugarcane,0.991036564
1150,Maharashtra,SINDHUDURG,Tea,0.997666367
1151,Maharashtra,SINDHUDURG,Rice,0.820656578
1152,Maharashtra,SINDHUDURG,Groundnut,0.907435028
1153,Maharashtra,SOLAPUR,Millet,0.991185251
1154,Maharashtra,SOLAPUR,Jowar,0.813219766
1155,Maharashtra,SOLAPUR,Rice,0.71891678
1156,Maharashtra,SOLAPUR,Sugarcane,0.998463125
1157,Maharashtra,SOLAPUR,Wheat,0.823362893
1158,Maharashtra,SOLAPUR,Groundnut,0.900384565
1159,Maharashtra,SOLAPUR,Soyabean,0.9756179
1160,Maharashtra,THANE,Tea,0.994674078
1161,Maharashtra,THANE,Rice,0.808277309
1162,Maharashtra,THANE,Groundnut,0.926708323
1163,Maharashtra,WARDHA,Jowar,0.813219766
1164,Maharashtra,WARDHA,Rice,0.820656578
1165,Maharashtra,WARDHA,Wheat,0.846053774
1166,Maharashtra,WARDHA,Groundnut,0.926708323
1167,Maharashtra,WARDHA,Soyabean,0.99697097
1168,Maharashtra,WARDHA,Sugarcane,1
1169,Maharashtra,WASHIM,Millet,1
1170,Maharashtra,WASHIM,Groundnut,0.926708323
1171,Maharashtra,WASHIM,Jowar,0.804570327
1172,Maharashtra,WASHIM,Rice,0.787220211
1173,Maharashtra,WASHIM,Soyabean,0.99697097
1174,Maharashtra,WASHIM,Wheat,0.824376831
1175,Maharashtra,WASHIM,Sugarcane,0.994805828
1176,Maharashtra,YAVATMAL,Millet,1
1177,Maharashtra,YAVATMAL,Jowar,0.769424026
1178,Maharashtra,YAVATMAL,Rice,0.801496747
1179,Maharashtra,YAVATMAL,Wheat,0.8376648
1180,Maharashtra,YAVATMAL,Groundnut,0.910024606
1181,Maharashtra,YAVATMAL,Soyabean,0.99697097
1182,Maharashtra,YAVATMAL,Sugarcane,1
1183,Punjab,AMRITSAR,Millet,1
1184,Punjab,AMRITSAR,Rice,0.820656578
1185,Punjab,AMRITSAR,Wheat,0.845018522
1186,Punjab,AMRITSAR,Sugarcane,0.995131329
1187,Punjab,BARNALA,Rice,0.818382845
1188,Punjab,BARNALA,Barley,0.992813445
1189,Punjab,BARNALA,Wheat,0.846053774
1190,Punjab,BARNALA,Sugarcane,1
1191,Punjab,BATHINDA,Millet,1
1192,Punjab,BATHINDA,Groundnut,0.919368873
1193,Punjab,BATHINDA,Rice,0.820656578
1194,Punjab,BATHINDA,Barley,0.996322217
1195,Punjab,BATHINDA,Wheat,0.846053774
1196,Punjab,BATHINDA,Sugarcane,1
1197,Punjab,FARIDKOT,Groundnut,0.926708323
1198,Punjab,FARIDKOT,Rice,0.820656578
1199,Punjab,FARIDKOT,Barley,0.996322217
1200,Punjab,FARIDKOT,Wheat,0.835189635
1201,Punjab,FARIDKOT,Sugarcane,1
1202,Punjab,FATEHGARH SAHIB,Rice,0.820656578
1203,Punjab,FATEHGARH SAHIB,Barley,0.98891481
1204,Punjab,FATEHGARH SAHIB,Wheat,0.846053774
1205,Punjab,FATEHGARH SAHIB,Sugarcane,0.993483903
1206,Punjab,FATEHGARH SAHIB,Millet,1
1207,Punjab,FAZILKA,Rice,0.807680171
1208,Punjab,FAZILKA,Barley,0.996322217
1209,Punjab,FAZILKA,Wheat,0.838751293
1210,Punjab,FIROZEPUR,Rice,0.817347418
1211,Punjab,FIROZEPUR,Barley,0.996322217
1212,Punjab,FIROZEPUR,Wheat,0.840708828
1213,Punjab,FIROZEPUR,Sugarcane,1
1214,Punjab,GURDASPUR,Rice,0.820656578
1215,Punjab,GURDASPUR,Wheat,0.842934918
1216,Punjab,GURDASPUR,Sugarcane,1
1217,Punjab,HOSHIARPUR,Groundnut,0.926708323
1218,Punjab,HOSHIARPUR,Rice,0.816135173
1219,Punjab,HOSHIARPUR,Wheat,0.846053774
1220,Punjab,HOSHIARPUR,Sugarcane,0.996657988
1221,Punjab,JALANDHAR,Rice,0.820656578
1222,Punjab,JALANDHAR,Wheat,0.844938054
1223,Punjab,JALANDHAR,Sugarcane,0.99774723
1224,Punjab,KAPURTHALA,Rice,0.818911628
1225,Punjab,KAPURTHALA,Wheat,0.846053774
1226,Punjab,KAPURTHALA,Sugarcane,0.995069471
1227,Punjab,LUDHIANA,Rice,0.820656578
1228,Punjab,LUDHIANA,Barley,0.995519004
1229,Punjab,LUDHIANA,Wheat,0.846053774
1230,Punjab,LUDHIANA,Sugarcane,0.99592854
1231,Punjab,MANSA,Millet,0.993495935
1232,Punjab,MANSA,Groundnut,0.926708323
1233,Punjab,MANSA,Rice,0.820656578
1234,Punjab,MANSA,Barley,0.996322217
1235,Punjab,MANSA,Wheat,0.846053774
1236,Punjab,MANSA,Sugarcane,1
1237,Punjab,MOGA,Rice,0.820656578
1238,Punjab,MOGA,Barley,0.987988884
1239,Punjab,MOGA,Wheat,0.846053774
1240,Punjab,MOGA,Sugarcane,0.980821918
1241,Punjab,MUKTSAR,Rice,0.820241257
1242,Punjab,MUKTSAR,Barley,0.996322217
1243,Punjab,MUKTSAR,Wheat,0.845426468
1244,Punjab,MUKTSAR,Sugarcane,0.985677889
1245,Punjab,MUKTSAR,Millet,1
1246,Punjab,MUKTSAR,Groundnut,0.886708323
1247,Punjab,NAWANSHAHR,Rice,0.819120416
1248,Punjab,NAWANSHAHR,Wheat,0.846053774
1249,Punjab,NAWANSHAHR,Sugarcane,0.999274311
1250,Punjab,PATHANKOT,Rice,0.820656578
1251,Punjab,PATHANKOT,Wheat,0.846053774
1252,Punjab,PATHANKOT,Sugarcane,1
1253,Punjab,PATIALA,Rice,0.817942772
1254,Punjab,PATIALA,Barley,0.974998393
1255,Punjab,PATIALA,Wheat,0.842749837
1256,Punjab,PATIALA,Sugarcane,0.990116094
1257,Punjab,RUPNAGAR,Rice,0.819571924
1258,Punjab,RUPNAGAR,Barley,0.996322217
1259,Punjab,RUPNAGAR,Wheat,0.838272578
1260,Punjab,RUPNAGAR,Sugarcane,1
1261,Punjab,RUPNAGAR,Millet,1
1262,Punjab,S.A.S NAGAR,Millet,1
1263,Punjab,S.A.S NAGAR,Rice,0.809098958
1264,Punjab,S.A.S NAGAR,Wheat,0.83110841
1265,Punjab,S.A.S NAGAR,Sugarcane,0.994505495
1266,Punjab,SANGRUR,Millet,0.992592593
1267,Punjab,SANGRUR,Groundnut,0.926708323
1268,Punjab,SANGRUR,Rice,0.819152426
1269,Punjab,SANGRUR,Barley,0.996322217
1270,Punjab,SANGRUR,Wheat,0.846053774
1271,Punjab,SANGRUR,Sugarcane,0.999841694
1272,Punjab,TARN TARAN,Rice,0.81070829
1273,Punjab,TARN TARAN,Wheat,0.841342461
1274,Punjab,TARN TARAN,Sugarcane,0.994520548
1275,Rajasthan,AJMER,Millet,1
1276,Rajasthan,AJMER,Groundnut,0.906933987
1277,Rajasthan,AJMER,Jowar,0.813219766
1278,Rajasthan,AJMER,Barley,0.985089342
1279,Rajasthan,AJMER,Wheat,0.846053774
1280,Rajasthan,ALWAR,Millet,0.993982137
1281,Rajasthan,ALWAR,Groundnut,0.926708323
1282,Rajasthan,ALWAR,Jowar,0.813219766
1283,Rajasthan,ALWAR,Rice,0.802147589
1284,Rajasthan,ALWAR,Sugarcane,1
1285,Rajasthan,ALWAR,Barley,0.996322217
1286,Rajasthan,ALWAR,Wheat,0.843886741
1287,Rajasthan,BANSWARA,Jowar,0.813219766
1288,Rajasthan,BANSWARA,Rice,0.811036521
1289,Rajasthan,BANSWARA,Soyabean,0.99283554
1290,Rajasthan,BANSWARA,Sugarcane,1
1291,Rajasthan,BANSWARA,Barley,0.996322217
1292,Rajasthan,BANSWARA,Wheat,0.843748428
1293,Rajasthan,BANSWARA,Groundnut,0.89602229
1294,Rajasthan,BARAN,Millet,1
1295,Rajasthan,BARAN,Groundnut,0.926708323
1296,Rajasthan,BARAN,Jowar,0.781671233
1297,Rajasthan,BARAN,Rice,0.813114908
1298,Rajasthan,BARAN,Soyabean,0.99697097
1299,Rajasthan,BARAN,Barley,0.996322217
1300,Rajasthan,BARAN,Wheat,0.833060426
1301,Rajasthan,BARMER,Millet,1
1302,Rajasthan,BARMER,Jowar,0.8013606
1303,Rajasthan,BARMER,Wheat,0.846053774
1304,Rajasthan,BARMER,Groundnut,0.907817386
1305,Rajasthan,BHARATPUR,Millet,0.99216995
1306,Rajasthan,BHARATPUR,Jowar,0.813219766
1307,Rajasthan,BHARATPUR,Rice,0.81173238
1308,Rajasthan,BHARATPUR,Sugarcane,1
1309,Rajasthan,BHARATPUR,Barley,0.993746027
1310,Rajasthan,BHARATPUR,Wheat,0.836946678
1311,Rajasthan,BHILWARA,Millet,0.996756405
1312,Rajasthan,BHILWARA,Groundnut,0.915910774
1313,Rajasthan,BHILWARA,Jowar,0.813219766
1314,Rajasthan,BHILWARA,Soyabean,0.996828003
1315,Rajasthan,BHILWARA,Sugarcane,1
1316,Rajasthan,BHILWARA,Barley,0.980399968
1317,Rajasthan,BHILWARA,Wheat,0.843433446
1318,Rajasthan,BHILWARA,Rice,0.820656578
1319,Rajasthan,BIKANER,Millet,1
1320,Rajasthan,BIKANER,Groundnut,0.923440826
1321,Rajasthan,BIKANER,Jowar,0.813219766
1322,Rajasthan,BIKANER,Barley,0.980453965
1323,Rajasthan,BIKANER,Wheat,0.830351825
1324,Rajasthan,BUNDI,Millet,1
1325,Rajasthan,BUNDI,Groundnut,0.926708323
1326,Rajasthan,BUNDI,Jowar,0.786932295
1327,Rajasthan,BUNDI,Rice,0.820656578
1328,Rajasthan,BUNDI,Soyabean,0.99697097
1329,Rajasthan,BUNDI,Sugarcane,1
1330,Rajasthan,BUNDI,Barley,0.996322217
1331,Rajasthan,BUNDI,Wheat,0.842987341
1332,Rajasthan,CHITTORGARH,Groundnut,0.919404065
1333,Rajasthan,CHITTORGARH,Jowar,0.809715543
1334,Rajasthan,CHITTORGARH,Rice,0.820656578
1335,Rajasthan,CHITTORGARH,Soyabean,0.992483206
1336,Rajasthan,CHITTORGARH,Sugarcane,0.997152223
1337,Rajasthan,CHITTORGARH,Barley,0.990201134
1338,Rajasthan,CHITTORGARH,Wheat,0.835579548
1339,Rajasthan,CHURU,Millet,1
1340,Rajasthan,CHURU,Groundnut,0.903279901
1341,Rajasthan,CHURU,Barley,0.996322217
1342,Rajasthan,CHURU,Wheat,0.843368014
1343,Rajasthan,DAUSA,Millet,0.994881059
1344,Rajasthan,DAUSA,Groundnut,0.920026268
1345,Rajasthan,DAUSA,Jowar,0.80663879
1346,Rajasthan,DAUSA,Barley,0.990495829
1347,Rajasthan,DAUSA,Wheat,0.833873553
1348,Rajasthan,DHOLPUR,Millet,0.996256562
1349,Rajasthan,DHOLPUR,Groundnut,0.926708323
1350,Rajasthan,DHOLPUR,Jowar,0.813219766
1351,Rajasthan,DHOLPUR,Rice,0.814880375
1352,Rajasthan,DHOLPUR,Sugarcane,0.997706934
1353,Rajasthan,DHOLPUR,Barley,0.988155197
1354,Rajasthan,DHOLPUR,Wheat,0.843254743
1355,Rajasthan,DUNGARPUR,Jowar,0.803712802
1356,Rajasthan,DUNGARPUR,Rice,0.810713491
1357,Rajasthan,DUNGARPUR,Sugarcane,1
1358,Rajasthan,DUNGARPUR,Barley,0.992513027
1359,Rajasthan,DUNGARPUR,Wheat,0.845543933
1360,Rajasthan,DUNGARPUR,Millet,0.79619693
1361,Rajasthan,DUNGARPUR,Soyabean,0.976634731
1362,Rajasthan,GANGANAGAR,Millet,1
1363,Rajasthan,GANGANAGAR,Groundnut,0.925134297
1364,Rajasthan,GANGANAGAR,Rice,0.820656578
1365,Rajasthan,GANGANAGAR,Sugarcane,0.992338381
1366,Rajasthan,GANGANAGAR,Barley,0.996322217
1367,Rajasthan,GANGANAGAR,Wheat,0.844783236
1368,Rajasthan,HANUMANGARH,Millet,1
1369,Rajasthan,HANUMANGARH,Groundnut,0.907222931
1370,Rajasthan,HANUMANGARH,Jowar,0.813219766
1371,Rajasthan,HANUMANGARH,Rice,0.820656578
1372,Rajasthan,HANUMANGARH,Barley,0.994605691
1373,Rajasthan,HANUMANGARH,Wheat,0.846053774
1374,Rajasthan,JAIPUR,Millet,1
1375,Rajasthan,JAIPUR,Groundnut,0.917576492
1376,Rajasthan,JAIPUR,Jowar,0.791808735
1377,Rajasthan,JAIPUR,Sugarcane,1
1378,Rajasthan,JAIPUR,Barley,0.982120714
1379,Rajasthan,JAIPUR,Wheat,0.846053774
1380,Rajasthan,JAISALMER,Millet,1
1381,Rajasthan,JAISALMER,Groundnut,0.918470382
1382,Rajasthan,JAISALMER,Jowar,0.786386592
1383,Rajasthan,JAISALMER,Wheat,0.843906067
1384,Rajasthan,JALORE,Millet,1
1385,Rajasthan,JALORE,Jowar,0.810098746
1386,Rajasthan,JALORE,Barley,0.996322217
1387,Rajasthan,JALORE,Wheat,0.846053774
1388,Rajasthan,JALORE,Groundnut,0.906921676
1389,Rajasthan,JHALAWAR,Groundnut,0.926708323
1390,Rajasthan,JHALAWAR,Jowar,0.770853405
1391,Rajasthan,JHALAWAR,Rice,0.813587552
1392,Rajasthan,JHALAWAR,Soyabean,0.99697097
1393,Rajasthan,JHALAWAR,Barley,0.986090871
1394,Rajasthan,JHALAWAR,Wheat,0.826393108
1395,Rajasthan,JHUNJHUNU,Millet,1
1396,Rajasthan,JHUNJHUNU,Groundnut,0.91359462
1397,Rajasthan,JHUNJHUNU,Barley,0.981899535
1398,Rajasthan,JHUNJHUNU,Wheat,0.844610924
1399,Rajasthan,JODHPUR,Millet,0.945659413
1400,Rajasthan,JODHPUR,Groundnut,0.915281861
1401,Rajasthan,JODHPUR,Jowar,0.792295306
1402,Rajasthan,JODHPUR,Wheat,0.829546623
1403,Rajasthan,JODHPUR,Barley,0.985979699
1404,Rajasthan,KARAULI,Barley,0.991788816
1405,Rajasthan,KARAULI,Wheat,0.832303332
1406,Rajasthan,KARAULI,Millet,1
1407,Rajasthan,KARAULI,Groundnut,0.926708323
1408,Rajasthan,KARAULI,Jowar,0.813219766
1409,Rajasthan,KARAULI,Rice,0.820656578
1410,Rajasthan,KARAULI,Sugarcane,1
1411,Rajasthan,KOTA,Groundnut,0.926708323
1412,Rajasthan,KOTA,Jowar,0.79941391
1413,Rajasthan,KOTA,Rice,0.809406127
1414,Rajasthan,KOTA,Soyabean,0.99697097
1415,Rajasthan,KOTA,Barley,0.996322217
1416,Rajasthan,KOTA,Wheat,0.846053774
1417,Rajasthan,NAGAUR,Millet,1
1418,Rajasthan,NAGAUR,Groundnut,0.903168952
1419,Rajasthan,NAGAUR,Jowar,0.813219766
1420,Rajasthan,NAGAUR,Barley,0.980564645
1421,Rajasthan,NAGAUR,Wheat,0.846053774
1422,Rajasthan,PALI,Millet,0.992212067
1423,Rajasthan,PALI,Groundnut,0.926708323
1424,Rajasthan,PALI,Jowar,0.792836855
1425,Rajasthan,PALI,Barley,0.996322217
1426,Rajasthan,PALI,Wheat,0.846053774
1427,Rajasthan,PRATAPGARH,Groundnut,0.919652211
1428,Rajasthan,PRATAPGARH,Jowar,0.809712046
1429,Rajasthan,PRATAPGARH,Rice,0.820656578
1430,Rajasthan,PRATAPGARH,Soyabean,0.99697097
1431,Rajasthan,PRATAPGARH,Barley,0.996322217
1432,Rajasthan,PRATAPGARH,Wheat,0.846053774
1433,Uttar Pradesh,PRATAPGARH,Millet,1
1434,Uttar Pradesh,PRATAPGARH,Sugarcane,1
1435,Rajasthan,RAJSAMAND,Groundnut,0.893881838
1436,Rajasthan,RAJSAMAND,Jowar,0.813219766
1437,Rajasthan,RAJSAMAND,Rice,0.818370718
1438,Rajasthan,RAJSAMAND,Sugarcane,1
1439,Rajasthan,RAJSAMAND,Barley,0.975683573
1440,Rajasthan,RAJSAMAND,Wheat,0.833153389
1441,Rajasthan,RAJSAMAND,Millet,1
1442,Rajasthan,SAWAI MADHOPUR,Millet,0.99783546
1443,Rajasthan,SAWAI MADHOPUR,Groundnut,0.924995746
1444,Rajasthan,SAWAI MADHOPUR,Jowar,0.811037224
1445,Rajasthan,SAWAI MADHOPUR,Soyabean,0.99105375
1446,Rajasthan,SAWAI MADHOPUR,Sugarcane,0.528568381
1447,Rajasthan,SAWAI MADHOPUR,Barley,0.976538058
1448,Rajasthan,SAWAI MADHOPUR,Wheat,0.844885588
1449,Rajasthan,SAWAI MADHOPUR,Rice,0.818551826
1450,Rajasthan,SIKAR,Millet,1
1451,Rajasthan,SIKAR,Groundnut,0.922486537
1452,Rajasthan,SIKAR,Barley,0.995196409
1453,Rajasthan,SIKAR,Wheat,0.831503434
1454,Rajasthan,SIROHI,Millet,1
1455,Rajasthan,SIROHI,Groundnut,0.91087748
1456,Rajasthan,SIROHI,Jowar,0.791997273
1457,Rajasthan,SIROHI,Barley,0.994953558
1458,Rajasthan,SIROHI,Wheat,0.838822556
1459,Rajasthan,TONK,Millet,1
1460,Rajasthan,TONK,Groundnut,0.901937118
1461,Rajasthan,TONK,Jowar,0.797922915
1462,Rajasthan,TONK,Sugarcane,1
1463,Rajasthan,TONK,Barley,0.972398816
1464,Rajasthan,TONK,Wheat,0.846053774
1465,Rajasthan,UDAIPUR,Groundnut,0.912041105
1466,Rajasthan,UDAIPUR,Jowar,0.812545312
1467,Rajasthan,UDAIPUR,Rice,0.791579873
1468,Rajasthan,UDAIPUR,Soyabean,0.991875857
1469,Rajasthan,UDAIPUR,Sugarcane,1
1470,Rajasthan,UDAIPUR,Barley,0.986943869
1471,Rajasthan,UDAIPUR,Wheat,0.846053774
1472,Tamil Nadu,ARIYALUR,Rice,0.820656578
1473,Tamil Nadu,ARIYALUR,Millet,0.766787114
1474,Tamil Nadu,ARIYALUR,Groundnut,0.926708323
1475,Tamil Nadu,ARIYALUR,Jowar,0.801756692
1476,Tamil Nadu,ARIYALUR,Sugarcane,0.976994157
1477,Tamil Nadu,COIMBATORE,Millet,0.989795173
1478,Tamil Nadu,COIMBATORE,Groundnut,0.913093955
1479,Tamil Nadu,COIMBATORE,Jowar,0.783391484
1480,Tamil Nadu,COIMBATORE,Tea,0.999104697
1481,Tamil Nadu,COIMBATORE,Rice,0.820656578
1482,Tamil Nadu,COIMBATORE,Sugarcane,1
1483,Tamil Nadu,CUDDALORE,Millet,1
1484,Tamil Nadu,CUDDALORE,Groundnut,0.926708323
1485,Tamil Nadu,CUDDALORE,Jowar,0.813219766
1486,Tamil Nadu,CUDDALORE,Tea,0.97931673
1487,Tamil Nadu,CUDDALORE,Rice,0.818484036
1488,Tamil Nadu,CUDDALORE,Sugarcane,0.950682102
1489,Tamil Nadu,DHARMAPURI,Millet,1
1490,Tamil Nadu,DHARMAPURI,Groundnut,0.916088035
1491,Tamil Nadu,DHARMAPURI,Jowar,0.809115306
1492,Tamil Nadu,DHARMAPURI,Tea,0.996984808
1493,Tamil Nadu,DHARMAPURI,Rice,0.820656578
1494,Tamil Nadu,DHARMAPURI,Sugarcane,1
1495,Tamil Nadu,DINDIGUL,Millet,0.996681531
1496,Tamil Nadu,DINDIGUL,Groundnut,0.926708323
1497,Tamil Nadu,DINDIGUL,Jowar,0.813219766
1498,Tamil Nadu,DINDIGUL,Tea,0.999104697
1499,Tamil Nadu,DINDIGUL,Rice,0.820656578
1500,Tamil Nadu,DINDIGUL,Sugarcane,1
1501,Tamil Nadu,ERODE,Millet,1
1502,Tamil Nadu,ERODE,Groundnut,0.926708323
1503,Tamil Nadu,ERODE,Jowar,0.813219766
1504,Tamil Nadu,ERODE,Tea,0.99746881
1505,Tamil Nadu,ERODE,Rice,0.820656578
1506,Tamil Nadu,ERODE,Sugarcane,1
1507,Tamil Nadu,KANCHIPURAM,Groundnut,0.926708323
1508,Tamil Nadu,KANCHIPURAM,Tea,0.979383832
1509,Tamil Nadu,KANCHIPURAM,Rice,0.820656578
1510,Tamil Nadu,KANCHIPURAM,Sugarcane,1
1511,Tamil Nadu,KANNIYAKUMARI,Rice,0.820656578
1512,Tamil Nadu,KARUR,Millet,0.997307336
1513,Tamil Nadu,KARUR,Groundnut,0.914574358
1514,Tamil Nadu,KARUR,Jowar,0.813219766
1515,Tamil Nadu,KARUR,Rice,0.820656578
1516,Tamil Nadu,KARUR,Sugarcane,1
1517,Tamil Nadu,KRISHNAGIRI,Groundnut,0.926708323
1518,Tamil Nadu,KRISHNAGIRI,Jowar,0.792940345
1519,Tamil Nadu,KRISHNAGIRI,Tea,0.999104697
1520,Tamil Nadu,KRISHNAGIRI,Rice,0.812750405
1521,Tamil Nadu,KRISHNAGIRI,Sugarcane,0.986991211
1522,Tamil Nadu,KRISHNAGIRI,Millet,0.984710906
1523,Tamil Nadu,MADURAI,Millet,0.985374535
1524,Tamil Nadu,MADURAI,Groundnut,0.920265788
1525,Tamil Nadu,MADURAI,Jowar,0.777367424
1526,Tamil Nadu,MADURAI,Tea,0.947337556
1527,Tamil Nadu,MADURAI,Rice,0.820656578
1528,Tamil Nadu,MADURAI,Sugarcane,1
1529,Tamil Nadu,NAGAPATTINAM,Groundnut,0.914486733
1530,Tamil Nadu,NAGAPATTINAM,Rice,0.805430483
1531,Tamil Nadu,NAGAPATTINAM,Sugarcane,1
1532,Tamil Nadu,NAMAKKAL,Millet,1
1533,Tamil Nadu,NAMAKKAL,Groundnut,0.926708323
1534,Tamil Nadu,NAMAKKAL,Jowar,0.813219766
1535,Tamil Nadu,NAMAKKAL,Tea,0.999104697
1536,Tamil Nadu,NAMAKKAL,Rice,0.820656578
1537,Tamil Nadu,NAMAKKAL,Sugarcane,1
1538,Tamil Nadu,PERAMBALUR,Millet,0.998859398
1539,Tamil Nadu,PERAMBALUR,Groundnut,0.926708323
1540,Tamil Nadu,PERAMBALUR,Jowar,0.811266078
1541,Tamil Nadu,PERAMBALUR,Rice,0.805953992
1542,Tamil Nadu,PERAMBALUR,Sugarcane,1
1543,Tamil Nadu,PERAMBALUR,Tea,0.999104697
1544,Tamil Nadu,PUDUKKOTTAI,Groundnut,0.917819421
1545,Tamil Nadu,PUDUKKOTTAI,Jowar,0.813219766
1546,Tamil Nadu,PUDUKKOTTAI,Tea,0.999104697
1547,Tamil Nadu,PUDUKKOTTAI,Rice,0.820656578
1548,Tamil Nadu,PUDUKKOTTAI,Sugarcane,0.95280573
1549,Tamil Nadu,PUDUKKOTTAI,Millet,1
1550,Tamil Nadu,RAMANATHAPURAM,Millet,0.989946932
1551,Tamil Nadu,RAMANATHAPURAM,Groundnut,0.926708323
1552,Tamil Nadu,RAMANATHAPURAM,Jowar,0.813219766
1553,Tamil Nadu,RAMANATHAPURAM,Tea,0.999104697
1554,Tamil Nadu,RAMANATHAPURAM,Rice,0.820656578
1555,Tamil Nadu,RAMANATHAPURAM,Sugarcane,1
1556,Tamil Nadu,SALEM,Millet,1
1557,Tamil Nadu,SALEM,Groundnut,0.926708323
1558,Tamil Nadu,SALEM,Jowar,0.813219766
1559,Tamil Nadu,SALEM,Tea,0.990280473
1560,Tamil Nadu,SALEM,Rice,0.820656578
1561,Tamil Nadu,SALEM,Sugarcane,1
1562,Tamil Nadu,SIVAGANGA,Groundnut,0.925268104
1563,Tamil Nadu,SIVAGANGA,Jowar,0.813219766
1564,Tamil Nadu,SIVAGANGA,Tea,0.973021413
1565,Tamil Nadu,SIVAGANGA,Rice,0.820656578
1566,Tamil Nadu,SIVAGANGA,Sugarcane,1
1567,Tamil Nadu,SIVAGANGA,Millet,1
1568,Tamil Nadu,THANJAVUR,Groundnut,0.915719171
1569,Tamil Nadu,THANJAVUR,Rice,0.815148277
1570,Tamil Nadu,THANJAVUR,Sugarcane,1
1571,Tamil Nadu,THE NILGIRIS,Rice,0.819237403
1572,Tamil Nadu,THENI,Millet,0.996413701
1573,Tamil Nadu,THENI,Groundnut,0.922545592
1574,Tamil Nadu,THENI,Jowar,0.782536455
1575,Tamil Nadu,THENI,Rice,0.820656578
1576,Tamil Nadu,THENI,Sugarcane,1
1577,Tamil Nadu,THENI,Tea,0.993484495
1578,Tamil Nadu,THIRUVALLUR,Millet,0.997586639
1579,Tamil Nadu,THIRUVALLUR,Groundnut,0.923569686
1580,Tamil Nadu,THIRUVALLUR,Tea,0.999104697
1581,Tamil Nadu,THIRUVALLUR,Rice,0.820656578
1582,Tamil Nadu,THIRUVALLUR,Sugarcane,1
1583,Tamil Nadu,THIRUVARUR,Groundnut,0.918209529
1584,Tamil Nadu,THIRUVARUR,Rice,0.79709613
1585,Tamil Nadu,THIRUVARUR,Sugarcane,1
1586,Tamil Nadu,TIRUCHIRAPPALLI,Millet,1
1587,Tamil Nadu,TIRUCHIRAPPALLI,Groundnut,0.914942313
1588,Tamil Nadu,TIRUCHIRAPPALLI,Jowar,0.79559252
1589,Tamil Nadu,TIRUCHIRAPPALLI,Rice,0.820656578
1590,Tamil Nadu,TIRUCHIRAPPALLI,Sugarcane,0.740405798
1591,Tamil Nadu,TIRUCHIRAPPALLI,Tea,0.999104697
1592,Tamil Nadu,TIRUNELVELI,Millet,1
1593,Tamil Nadu,TIRUNELVELI,Groundnut,0.912031634
1594,Tamil Nadu,TIRUNELVELI,Jowar,0.800183522
1595,Tamil Nadu,TIRUNELVELI,Tea,0.981149296
1596,Tamil Nadu,TIRUNELVELI,Rice,0.820656578
1597,Tamil Nadu,TIRUNELVELI,Sugarcane,1
1598,Tamil Nadu,TIRUPPUR,Rice,0.820656578
1599,Tamil Nadu,TIRUPPUR,Groundnut,0.926708323
1600,Tamil Nadu,TIRUPPUR,Jowar,0.787063633
1601,Tamil Nadu,TIRUPPUR,Sugarcane,1
1602,Tamil Nadu,TIRUVANNAMALAI,Millet,0.977679352
1603,Tamil Nadu,TIRUVANNAMALAI,Groundnut,0.926708323
1604,Tamil Nadu,TIRUVANNAMALAI,Jowar,0.807408164
1605,Tamil Nadu,TIRUVANNAMALAI,Tea,0.998902073
1606,Tamil Nadu,TIRUVANNAMALAI,Rice,0.820656578
1607,Tamil Nadu,TIRUVANNAMALAI,Sugarcane,1
1608,Tamil Nadu,TUTICORIN,Millet,0.981427159
1609,Tamil Nadu,TUTICORIN,Groundnut,0.910832761
1610,Tamil Nadu,TUTICORIN,Jowar,0.813219766
1611,Tamil Nadu,TUTICORIN,Tea,0.999104697
1612,Tamil Nadu,TUTICORIN,Rice,0.820656578
1613,Tamil Nadu,TUTICORIN,Sugarcane,1
1614,Tamil Nadu,VELLORE,Millet,0.999384074
1615,Tamil Nadu,VELLORE,Groundnut,0.917877559
1616,Tamil Nadu,VELLORE,Jowar,0.813219766
1617,Tamil Nadu,VELLORE,Tea,0.998485982
1618,Tamil Nadu,VELLORE,Rice,0.820656578
1619,Tamil Nadu,VELLORE,Sugarcane,1
1620,Tamil Nadu,VILLUPURAM,Millet,0.99018226
1621,Tamil Nadu,VILLUPURAM,Groundnut,0.916211435
1622,Tamil Nadu,VILLUPURAM,Jowar,0.813219766
1623,Tamil Nadu,VILLUPURAM,Tea,0.999104697
1624,Tamil Nadu,VILLUPURAM,Rice,0.820656578
1625,Tamil Nadu,VILLUPURAM,Sugarcane,1
1626,Tamil Nadu,VIRUDHUNAGAR,Millet,0.984317233
1627,Tamil Nadu,VIRUDHUNAGAR,Groundnut,0.910676578
1628,Tamil Nadu,VIRUDHUNAGAR,Jowar,0.813219766
1629,Tamil Nadu,VIRUDHUNAGAR,Tea,0.999104697
1630,Tamil Nadu,VIRUDHUNAGAR,Rice,0.815928023
1631,Tamil Nadu,VIRUDHUNAGAR,Sugarcane,0.99685864
1632,Uttar Pradesh,AGRA,Millet,1
1633,Uttar Pradesh,AGRA,Jowar,0.810401131
1634,Uttar Pradesh,AGRA,Rice,0.813249142
1635,Uttar Pradesh,AGRA,Barley,0.996322217
1636,Uttar Pradesh,AGRA,Wheat,0.842932084
1637,Uttar Pradesh,AGRA,Sugarcane,1
1638,Uttar Pradesh,ALIGARH,Millet,1
1639,Uttar Pradesh,ALIGARH,Rice,0.818473173
1640,Uttar Pradesh,ALIGARH,Barley,0.99292988
1641,Uttar Pradesh,ALIGARH,Wheat,0.844674937
1642,Uttar Pradesh,ALIGARH,Sugarcane,1
1643,Uttar Pradesh,ALLAHABAD,Millet,0.998156755
1644,Uttar Pradesh,ALLAHABAD,Jowar,0.813219766
1645,Uttar Pradesh,ALLAHABAD,Rice,0.817967639
1646,Uttar Pradesh,ALLAHABAD,Barley,0.996322217
1647,Uttar Pradesh,ALLAHABAD,Wheat,0.846053774
1648,Uttar Pradesh,ALLAHABAD,Sugarcane,1
1649,Uttar Pradesh,AMBEDKAR NAGAR,Jowar,0.813219766
1650,Uttar Pradesh,AMBEDKAR NAGAR,Rice,0.818070175
1651,Uttar Pradesh,AMBEDKAR NAGAR,Barley,0.996322217
1652,Uttar Pradesh,AMBEDKAR NAGAR,Wheat,0.8430659
1653,Uttar Pradesh,AMBEDKAR NAGAR,Sugarcane,1
1654,Uttar Pradesh,AMETHI,Millet,0.943551519
1655,Uttar Pradesh,AMETHI,Jowar,0.811556125
1656,Uttar Pradesh,AMETHI,Rice,0.811863723
1657,Uttar Pradesh,AMETHI,Barley,0.996322217
1658,Uttar Pradesh,AMETHI,Wheat,0.806499719
1659,Uttar Pradesh,AMETHI,Sugarcane,0.999993169
1660,Uttar Pradesh,AMROHA,Millet,1
1661,Uttar Pradesh,AMROHA,Rice,0.8194966
1662,Uttar Pradesh,AMROHA,Wheat,0.845196406
1663,Uttar Pradesh,AMROHA,Sugarcane,1
1664,Uttar Pradesh,AURAIYA,Millet,0.999645496
1665,Uttar Pradesh,AURAIYA,Groundnut,0.910020799
1666,Uttar Pradesh,AURAIYA,Jowar,0.804319611
1667,Uttar Pradesh,AURAIYA,Rice,0.817734611
1668,Uttar Pradesh,AURAIYA,Barley,0.992301441
1669,Uttar Pradesh,AURAIYA,Wheat,0.841779306
1670,Uttar Pradesh,AURAIYA,Sugarcane,0.999826857
1671,Uttar Pradesh,AZAMGARH,Millet,1
1672,Uttar Pradesh,AZAMGARH,Rice,0.819272238
1673,Uttar Pradesh,AZAMGARH,Barley,0.993238517
1674,Uttar Pradesh,AZAMGARH,Wheat,0.842008117
1675,Uttar Pradesh,AZAMGARH,Sugarcane,0.999243669
1676,Uttar Pradesh,BAGHPAT,Millet,0.956114418
1677,Uttar Pradesh,BAGHPAT,Rice,0.815964831
1678,Uttar Pradesh,BAGHPAT,Barley,0.996322217
1679,Uttar Pradesh,BAGHPAT,Wheat,0.846053774
1680,Uttar Pradesh,BAGHPAT,Sugarcane,0.999198889
1681,Uttar Pradesh,BAHRAICH,Millet,1
1682,Uttar Pradesh,BAHRAICH,Groundnut,0.926708323
1683,Uttar Pradesh,BAHRAICH,Jowar,0.813219766
1684,Uttar Pradesh,BAHRAICH,Rice,0.820656578
1685,Uttar Pradesh,BAHRAICH,Barley,0.996322217
1686,Uttar Pradesh,BAHRAICH,Wheat,0.840200195
1687,Uttar Pradesh,BAHRAICH,Sugarcane,0.99707368
1688,Uttar Pradesh,BALLIA,Millet,1
1689,Uttar Pradesh,BALLIA,Jowar,0.813219766
1690,Uttar Pradesh,BALLIA,Rice,0.820656578
1691,Uttar Pradesh,BALLIA,Barley,0.984221648
1692,Uttar Pradesh,BALLIA,Wheat,0.846053774
1693,Uttar Pradesh,BALLIA,Sugarcane,1
1694,Uttar Pradesh,BALLIA,Groundnut,0.926708323
1695,Uttar Pradesh,BALRAMPUR,Rice,0.820656578
1696,Uttar Pradesh,BALRAMPUR,Barley,0.992413564
1697,Uttar Pradesh,BALRAMPUR,Wheat,0.844557891
1698,Uttar Pradesh,BALRAMPUR,Sugarcane,0.999527544
1699,Uttar Pradesh,BANDA,Millet,0.997787432
1700,Uttar Pradesh,BANDA,Groundnut,0.926708323
1701,Uttar Pradesh,BANDA,Jowar,0.813219766
1702,Uttar Pradesh,BANDA,Rice,0.820656578
1703,Uttar Pradesh,BANDA,Soyabean,0.935950234
1704,Uttar Pradesh,BANDA,Barley,0.996322217
1705,Uttar Pradesh,BANDA,Wheat,0.835988901
1706,Uttar Pradesh,BANDA,Sugarcane,0.999181485
1707,Uttar Pradesh,BARABANKI,Millet,0.990650313
1708,Uttar Pradesh,BARABANKI,Groundnut,0.926708323
1709,Uttar Pradesh,BARABANKI,Jowar,0.813219766
1710,Uttar Pradesh,BARABANKI,Rice,0.820656578
1711,Uttar Pradesh,BARABANKI,Barley,0.984098546
1712,Uttar Pradesh,BARABANKI,Wheat,0.846053774
1713,Uttar Pradesh,BARABANKI,Sugarcane,0.999296776
1714,Uttar Pradesh,BAREILLY,Millet,1
1715,Uttar Pradesh,BAREILLY,Groundnut,0.926708323
1716,Uttar Pradesh,BAREILLY,Jowar,0.813219766
1717,Uttar Pradesh,BAREILLY,Rice,0.818552796
1718,Uttar Pradesh,BAREILLY,Barley,0.996322217
1719,Uttar Pradesh,BAREILLY,Wheat,0.845712177
1720,Uttar Pradesh,BAREILLY,Sugarcane,1
1721,Uttar Pradesh,BASTI,Rice,0.797600924
1722,Uttar Pradesh,BASTI,Wheat,0.832940372
1723,Uttar Pradesh,BASTI,Sugarcane,1
1724,Uttar Pradesh,BIJNOR,Groundnut,0.926708323
1725,Uttar Pradesh,BIJNOR,Rice,0.820656578
1726,Uttar Pradesh,BIJNOR,Wheat,0.845525696
1727,Uttar Pradesh,BIJNOR,Sugarcane,1
1728,Uttar Pradesh,BUDAUN,Millet,1
1729,Uttar Pradesh,BUDAUN,Groundnut,0.919208383
1730,Uttar Pradesh,BUDAUN,Jowar,0.811740374
1731,Uttar Pradesh,BUDAUN,Rice,0.819617657
1732,Uttar Pradesh,BUDAUN,Barley,0.956981389
1733,Uttar Pradesh,BUDAUN,Wheat,0.846053774
1734,Uttar Pradesh,BUDAUN,Sugarcane,0.992685855
1735,Uttar Pradesh,BULANDSHAHR,Millet,1
1736,Uttar Pradesh,BULANDSHAHR,Jowar,0.65813328
1737,Uttar Pradesh,BULANDSHAHR,Rice,0.820656578
1738,Uttar Pradesh,BULANDSHAHR,Barley,0.996322217
1739,Uttar Pradesh,BULANDSHAHR,Wheat,0.846053774
1740,Uttar Pradesh,BULANDSHAHR,Sugarcane,0.999221784
1741,Uttar Pradesh,CHANDAULI,Millet,1
1742,Uttar Pradesh,CHANDAULI,Jowar,0.813219766
1743,Uttar Pradesh,CHANDAULI,Rice,0.819575806
1744,Uttar Pradesh,CHANDAULI,Barley,0.996322217
1745,Uttar Pradesh,CHANDAULI,Wheat,0.840369353
1746,Uttar Pradesh,CHANDAULI,Sugarcane,1
1747,Uttar Pradesh,CHITRAKOOT,Millet,1
1748,Uttar Pradesh,CHITRAKOOT,Jowar,0.808841877
1749,Uttar Pradesh,CHITRAKOOT,Rice,0.819788037
1750,Uttar Pradesh,CHITRAKOOT,Barley,0.996322217
1751,Uttar Pradesh,CHITRAKOOT,Wheat,0.839228508
1752,Uttar Pradesh,CHITRAKOOT,Sugarcane,1
1753,Uttar Pradesh,DEORIA,Millet,1
1754,Uttar Pradesh,DEORIA,Groundnut,0.91869169
1755,Uttar Pradesh,DEORIA,Rice,0.820656578
1756,Uttar Pradesh,DEORIA,Barley,0.996322217
1757,Uttar Pradesh,DEORIA,Wheat,0.846053774
1758,Uttar Pradesh,DEORIA,Sugarcane,1
1759,Uttar Pradesh,ETAH,Millet,0.983744956
1760,Uttar Pradesh,ETAH,Groundnut,0.926708323
1761,Uttar Pradesh,ETAH,Jowar,0.813219766
1762,Uttar Pradesh,ETAH,Rice,0.815142402
1763,Uttar Pradesh,ETAH,Barley,0.992937075
1764,Uttar Pradesh,ETAH,Wheat,0.844426123
1765,Uttar Pradesh,ETAH,Sugarcane,0.993660236
1766,Uttar Pradesh,ETAWAH,Millet,1
1767,Uttar Pradesh,ETAWAH,Jowar,0.813219766
1768,Uttar Pradesh,ETAWAH,Rice,0.820656578
1769,Uttar Pradesh,ETAWAH,Barley,0.99205457
1770,Uttar Pradesh,ETAWAH,Wheat,0.841210121
1771,Uttar Pradesh,ETAWAH,Sugarcane,0.999907316
1772,Uttar Pradesh,FAIZABAD,Jowar,0.813219766
1773,Uttar Pradesh,FAIZABAD,Rice,0.814196843
1774,Uttar Pradesh,FAIZABAD,Barley,0.996322217
1775,Uttar Pradesh,FAIZABAD,Wheat,0.841156714
1776,Uttar Pradesh,FAIZABAD,Sugarcane,1
1777,Uttar Pradesh,FARRUKHABAD,Millet,1
1778,Uttar Pradesh,FARRUKHABAD,Groundnut,0.926708323
1779,Uttar Pradesh,FARRUKHABAD,Jowar,0.813219766
1780,Uttar Pradesh,FARRUKHABAD,Rice,0.820656578
1781,Uttar Pradesh,FARRUKHABAD,Barley,0.993243585
1782,Uttar Pradesh,FARRUKHABAD,Wheat,0.846053774
1783,Uttar Pradesh,FARRUKHABAD,Sugarcane,1
1784,Uttar Pradesh,FATEHPUR,Millet,1
1785,Uttar Pradesh,FATEHPUR,Groundnut,0.926708323
1786,Uttar Pradesh,FATEHPUR,Jowar,0.80638848
1787,Uttar Pradesh,FATEHPUR,Rice,0.820656578
1788,Uttar Pradesh,FATEHPUR,Barley,0.996322217
1789,Uttar Pradesh,FATEHPUR,Wheat,0.843484426
1790,Uttar Pradesh,FATEHPUR,Sugarcane,1
1791,Uttar Pradesh,FIROZABAD,Millet,1
1792,Uttar Pradesh,FIROZABAD,Jowar,0.788482543
1793,Uttar Pradesh,FIROZABAD,Rice,0.819371489
1794,Uttar Pradesh,FIROZABAD,Barley,0.995107114
1795,Uttar Pradesh,FIROZABAD,Wheat,0.844052293
1796,Uttar Pradesh,GAUTAM BUDDHA NAGAR,Millet,1
1797,Uttar Pradesh,GAUTAM BUDDHA NAGAR,Jowar,0.813219766
1798,Uttar Pradesh,GAUTAM BUDDHA NAGAR,Rice,0.820656578
1799,Uttar Pradesh,GAUTAM BUDDHA NAGAR,Barley,0.996322217
1800,Uttar Pradesh,GAUTAM BUDDHA NAGAR,Wheat,0.846053774
1801,Uttar Pradesh,GAUTAM BUDDHA NAGAR,Sugarcane,0.998614083
1802,Uttar Pradesh,GHAZIABAD,Millet,1
1803,Uttar Pradesh,GHAZIABAD,Jowar,0.813219766
1804,Uttar Pradesh,GHAZIABAD,Rice,0.818919311
1805,Uttar Pradesh,GHAZIABAD,Barley,0.996322217
1806,Uttar Pradesh,GHAZIABAD,Wheat,0.843033489
1807,Uttar Pradesh,GHAZIABAD,Sugarcane,0.997068341
1808,Uttar Pradesh,GHAZIPUR,Millet,0.982601319
1809,Uttar Pradesh,GHAZIPUR,Jowar,0.813219766
1810,Uttar Pradesh,GHAZIPUR,Rice,0.818308711
1811,Uttar Pradesh,GHAZIPUR,Barley,0.994853248
1812,Uttar Pradesh,GHAZIPUR,Wheat,0.844116049
1813,Uttar Pradesh,GHAZIPUR,Sugarcane,0.997603378
1814,Uttar Pradesh,GONDA,Groundnut,0.876665993
1815,Uttar Pradesh,GONDA,Jowar,0.813219766
1816,Uttar Pradesh,GONDA,Rice,0.820656578
1817,Uttar Pradesh,GONDA,Wheat,0.843287159
1818,Uttar Pradesh,GONDA,Sugarcane,0.996005992
1819,Uttar Pradesh,GONDA,Barley,0.996322217
1820,Uttar Pradesh,GORAKHPUR,Millet,1
1821,Uttar Pradesh,GORAKHPUR,Groundnut,0.92593807
1822,Uttar Pradesh,GORAKHPUR,Rice,0.818392733
1823,Uttar Pradesh,GORAKHPUR,Sugarcane,0.998980931
1824,Uttar Pradesh,GORAKHPUR,Barley,0.996322217
1825,Uttar Pradesh,GORAKHPUR,Wheat,0.846053774
1826,Uttar Pradesh,HAMIRPUR,Millet,0.952812399
1827,Uttar Pradesh,HAMIRPUR,Groundnut,0.926708323
1828,Uttar Pradesh,HAMIRPUR,Jowar,0.813219766
1829,Uttar Pradesh,HAMIRPUR,Rice,0.795009134
1830,Uttar Pradesh,HAMIRPUR,Soyabean,0.97790784
1831,Uttar Pradesh,HAMIRPUR,Barley,0.969928443
1832,Uttar Pradesh,HAMIRPUR,Wheat,0.831193145
1833,Uttar Pradesh,HAMIRPUR,Sugarcane,1
1834,Uttar Pradesh,HAPUR,Rice,0.812387377
1835,Uttar Pradesh,HAPUR,Sugarcane,0.9633176
1836,Uttar Pradesh,HAPUR,Barley,0.96651784
1837,Uttar Pradesh,HAPUR,Wheat,0.846053774
1838,Uttar Pradesh,HARDOI,Millet,1
1839,Uttar Pradesh,HARDOI,Groundnut,0.926708323
1840,Uttar Pradesh,HARDOI,Jowar,0.813219766
1841,Uttar Pradesh,HARDOI,Rice,0.820656578
1842,Uttar Pradesh,HARDOI,Barley,0.992309585
1843,Uttar Pradesh,HARDOI,Wheat,0.840533042
1844,Uttar Pradesh,HARDOI,Sugarcane,1
1845,Uttar Pradesh,HATHRAS,Millet,1
1846,Uttar Pradesh,HATHRAS,Rice,0.81285494
1847,Uttar Pradesh,HATHRAS,Barley,0.994739727
1848,Uttar Pradesh,HATHRAS,Wheat,0.844989965
1849,Uttar Pradesh,HATHRAS,Sugarcane,1
1850,Uttar Pradesh,JALAUN,Millet,1
1851,Uttar Pradesh,JALAUN,Jowar,0.813219766
1852,Uttar Pradesh,JALAUN,Rice,0.82035757
1853,Uttar Pradesh,JALAUN,Soyabean,0.976078663
1854,Uttar Pradesh,JALAUN,Barley,0.996322217
1855,Uttar Pradesh,JALAUN,Wheat,0.846053774
1856,Uttar Pradesh,JALAUN,Sugarcane,1
1857,Uttar Pradesh,JAUNPUR,Millet,1
1858,Uttar Pradesh,JAUNPUR,Jowar,0.807333239
1859,Uttar Pradesh,JAUNPUR,Rice,0.820656578
1860,Uttar Pradesh,JAUNPUR,Barley,0.99277586
1861,Uttar Pradesh,JAUNPUR,Wheat,0.842438998
1862,Uttar Pradesh,JAUNPUR,Sugarcane,1
1863,Uttar Pradesh,JHANSI,Groundnut,0.926708323
1864,Uttar Pradesh,JHANSI,Jowar,0.813219766
1865,Uttar Pradesh,JHANSI,Rice,0.820656578
1866,Uttar Pradesh,JHANSI,Soyabean,0.988006048
1867,Uttar Pradesh,JHANSI,Barley,0.99377509
1868,Uttar Pradesh,JHANSI,Wheat,0.84572318
1869,Uttar Pradesh,JHANSI,Millet,0.97363104
1870,Uttar Pradesh,JHANSI,Sugarcane,0.985775992
1871,Uttar Pradesh,KANNAUJ,Millet,0.997864229
1872,Uttar Pradesh,KANNAUJ,Groundnut,0.926708323
1873,Uttar Pradesh,KANNAUJ,Jowar,0.813219766
1874,Uttar Pradesh,KANNAUJ,Rice,0.820656578
1875,Uttar Pradesh,KANNAUJ,Barley,0.992907525
1876,Uttar Pradesh,KANNAUJ,Wheat,0.843476393
1877,Uttar Pradesh,KANNAUJ,Sugarcane,1
1878,Uttar Pradesh,KANPUR DEHAT,Millet,1
1879,Uttar Pradesh,KANPUR DEHAT,Jowar,0.812738938
1880,Uttar Pradesh,KANPUR DEHAT,Rice,0.820656578
1881,Uttar Pradesh,KANPUR DEHAT,Barley,0.996322217
1882,Uttar Pradesh,KANPUR DEHAT,Wheat,0.84538455
1883,Uttar Pradesh,KANPUR DEHAT,Sugarcane,1
1884,Uttar Pradesh,KANPUR NAGAR,Millet,1
1885,Uttar Pradesh,KANPUR NAGAR,Groundnut,0.911005175
1886,Uttar Pradesh,KANPUR NAGAR,Jowar,0.813219766
1887,Uttar Pradesh,KANPUR NAGAR,Rice,0.820656578
1888,Uttar Pradesh,KANPUR NAGAR,Barley,0.990707633
1889,Uttar Pradesh,KANPUR NAGAR,Wheat,0.841863911
1890,Uttar Pradesh,KANPUR NAGAR,Sugarcane,1
1891,Uttar Pradesh,KANPUR NAGAR,Soyabean,0.99697097
1892,Uttar Pradesh,KASGANJ,Millet,1
1893,Uttar Pradesh,KASGANJ,Rice,0.820356942
1894,Uttar Pradesh,KASGANJ,Sugarcane,1
1895,Uttar Pradesh,KASGANJ,Barley,0.959945641
1896,Uttar Pradesh,KASGANJ,Wheat,0.846053774
1897,Uttar Pradesh,KAUSHAMBI,Millet,0.99158383
1898,Uttar Pradesh,KAUSHAMBI,Jowar,0.797102815
1899,Uttar Pradesh,KAUSHAMBI,Rice,0.820656578
1900,Uttar Pradesh,KAUSHAMBI,Barley,0.996322217
1901,Uttar Pradesh,KAUSHAMBI,Wheat,0.846053774
1902,Uttar Pradesh,KAUSHAMBI,Sugarcane,0.992293979
1903,Uttar Pradesh,KAUSHAMBI,Groundnut,0.924029734
1904,Uttar Pradesh,KHERI,Millet,0.999603923
1905,Uttar Pradesh,KHERI,Groundnut,0.926708323
1906,Uttar Pradesh,KHERI,Jowar,0.811363688
1907,Uttar Pradesh,KHERI,Rice,0.816466972
1908,Uttar Pradesh,KHERI,Barley,0.995988466
1909,Uttar Pradesh,KHERI,Wheat,0.840685963
1910,Uttar Pradesh,KHERI,Sugarcane,1
1911,Uttar Pradesh,KUSHI NAGAR,Millet,0.984799948
1912,Uttar Pradesh,KUSHI NAGAR,Rice,0.81882046
1913,Uttar Pradesh,KUSHI NAGAR,Barley,0.980651788
1914,Uttar Pradesh,KUSHI NAGAR,Wheat,0.844696917
1915,Uttar Pradesh,KUSHI NAGAR,Sugarcane,1
1916,Uttar Pradesh,KUSHI NAGAR,Groundnut,0.926708323
1917,Uttar Pradesh,LALITPUR,Groundnut,0.91966182
1918,Uttar Pradesh,LALITPUR,Jowar,0.798080488
1919,Uttar Pradesh,LALITPUR,Rice,0.820656578
1920,Uttar Pradesh,LALITPUR,Soyabean,0.99424361
1921,Uttar Pradesh,LALITPUR,Barley,0.981653657
1922,Uttar Pradesh,LALITPUR,Wheat,0.839022849
1923,Uttar Pradesh,LALITPUR,Sugarcane,0.768374112
1924,Uttar Pradesh,LUCKNOW,Millet,0.993001871
1925,Uttar Pradesh,LUCKNOW,Groundnut,0.781244917
1926,Uttar Pradesh,LUCKNOW,Jowar,0.813219766
1927,Uttar Pradesh,LUCKNOW,Rice,0.820656578
1928,Uttar Pradesh,LUCKNOW,Barley,0.985479308
1929,Uttar Pradesh,LUCKNOW,Wheat,0.846053774
1930,Uttar Pradesh,LUCKNOW,Sugarcane,0.999411318
1931,Uttar Pradesh,MAHARAJGANJ,Groundnut,0.911245233
1932,Uttar Pradesh,MAHARAJGANJ,Rice,0.820656578
1933,Uttar Pradesh,MAHARAJGANJ,Barley,0.996322217
1934,Uttar Pradesh,MAHARAJGANJ,Wheat,0.846053774
1935,Uttar Pradesh,MAHARAJGANJ,Sugarcane,0.999209649
1936,Uttar Pradesh,MAHOBA,Groundnut,0.926708323
1937,Uttar Pradesh,MAHOBA,Jowar,0.813219766
1938,Uttar Pradesh,MAHOBA,Rice,0.80842501
1939,Uttar Pradesh,MAHOBA,Soyabean,0.99697097
1940,Uttar Pradesh,MAHOBA,Barley,0.994207449
1941,Uttar Pradesh,MAHOBA,Wheat,0.846053774
1942,Uttar Pradesh,MAHOBA,Sugarcane,1
1943,Uttar Pradesh,MAINPURI,Millet,1
1944,Uttar Pradesh,MAINPURI,Groundnut,0.924901622
1945,Uttar Pradesh,MAINPURI,Jowar,0.813219766
1946,Uttar Pradesh,MAINPURI,Rice,0.815770691
1947,Uttar Pradesh,MAINPURI,Barley,0.994511217
1948,Uttar Pradesh,MAINPURI,Wheat,0.837344141
1949,Uttar Pradesh,MAINPURI,Sugarcane,1
1950,Uttar Pradesh,MATHURA,Millet,0.999725517
1951,Uttar Pradesh,MATHURA,Jowar,0.813219766
1952,Uttar Pradesh,MATHURA,Rice,0.81478665
1953,Uttar Pradesh,MATHURA,Barley,0.996322217
1954,Uttar Pradesh,MATHURA,Wheat,0.84502518
1955,Uttar Pradesh,MATHURA,Sugarcane,1
1956,Uttar Pradesh,MAU,Millet,0.996482241
1957,Uttar Pradesh,MAU,Groundnut,0.926708323
1958,Uttar Pradesh,MAU,Rice,0.814532191
1959,Uttar Pradesh,MAU,Barley,0.996322217
1960,Uttar Pradesh,MAU,Wheat,0.839308524
1961,Uttar Pradesh,MAU,Sugarcane,1
1962,Uttar Pradesh,MEERUT,Rice,0.820656578
1963,Uttar Pradesh,MEERUT,Barley,0.995332808
1964,Uttar Pradesh,MEERUT,Wheat,0.846053774
1965,Uttar Pradesh,MEERUT,Sugarcane,1
1966,Uttar Pradesh,MIRZAPUR,Millet,0.993305797
1967,Uttar Pradesh,MIRZAPUR,Groundnut,0.926708323
1968,Uttar Pradesh,MIRZAPUR,Jowar,0.80094542
1969,Uttar Pradesh,MIRZAPUR,Rice,0.820656578
1970,Uttar Pradesh,MIRZAPUR,Barley,0.996322217
1971,Uttar Pradesh,MIRZAPUR,Wheat,0.846053774
1972,Uttar Pradesh,MIRZAPUR,Sugarcane,1
1973,Uttar Pradesh,MORADABAD,Millet,0.991848421
1974,Uttar Pradesh,MORADABAD,Jowar,0.809289395
1975,Uttar Pradesh,MORADABAD,Rice,0.820656578
1976,Uttar Pradesh,MORADABAD,Barley,0.993396304
1977,Uttar Pradesh,MORADABAD,Wheat,0.846053774
1978,Uttar Pradesh,MORADABAD,Sugarcane,0.995012173
1979,Uttar Pradesh,MUZAFFARNAGAR,Rice,0.820656578
1980,Uttar Pradesh,MUZAFFARNAGAR,Barley,0.996322217
1981,Uttar Pradesh,MUZAFFARNAGAR,Wheat,0.846053774
1982,Uttar Pradesh,MUZAFFARNAGAR,Sugarcane,0.995414025
1983,Uttar Pradesh,PILIBHIT,Groundnut,0.897553179
1984,Uttar Pradesh,PILIBHIT,Rice,0.820656578
1985,Uttar Pradesh,PILIBHIT,Wheat,0.846029986
1986,Uttar Pradesh,PILIBHIT,Sugarcane,1
1987,Uttar Pradesh,PILIBHIT,Soyabean,0.99697097
1988,Uttar Pradesh,RAE BARELI,Millet,1
1989,Uttar Pradesh,RAE BARELI,Groundnut,0.926708323
1990,Uttar Pradesh,RAE BARELI,Jowar,0.813219766
1991,Uttar Pradesh,RAE BARELI,Rice,0.817015866
1992,Uttar Pradesh,RAE BARELI,Barley,0.996322217
1993,Uttar Pradesh,RAE BARELI,Wheat,0.846053774
1994,Uttar Pradesh,RAE BARELI,Sugarcane,0.996585915
1995,Uttar Pradesh,RAMPUR,Millet,0.989880594
1996,Uttar Pradesh,RAMPUR,Jowar,0.813219766
1997,Uttar Pradesh,RAMPUR,Rice,0.820656578
1998,Uttar Pradesh,RAMPUR,Wheat,0.845862915
1999,Uttar Pradesh,RAMPUR,Sugarcane,1
2000,Uttar Pradesh,RAMPUR,Barley,0.975818525
2001,Uttar Pradesh,SAHARANPUR,Groundnut,0.926708323
2002,Uttar Pradesh,SAHARANPUR,Rice,0.820656578
2003,Uttar Pradesh,SAHARANPUR,Wheat,0.845547486
2004,Uttar Pradesh,SAHARANPUR,Sugarcane,0.998599211
2005,Uttar Pradesh,SAMBHAL,Millet,1
2006,Uttar Pradesh,SAMBHAL,Rice,0.820656578
2007,Uttar Pradesh,SAMBHAL,Sugarcane,0.997916599
2008,Uttar Pradesh,SAMBHAL,Barley,0.84787431
2009,Uttar Pradesh,SAMBHAL,Wheat,0.763719869
2010,Uttar Pradesh,SANT KABEER NAGAR,Millet,1
2011,Uttar Pradesh,SANT KABEER NAGAR,Groundnut,0.926708323
2012,Uttar Pradesh,SANT KABEER NAGAR,Rice,0.819925987
2013,Uttar Pradesh,SANT KABEER NAGAR,Barley,0.996322217
2014,Uttar Pradesh,SANT KABEER NAGAR,Wheat,0.846053774
2015,Uttar Pradesh,SANT KABEER NAGAR,Sugarcane,1
2016,Uttar Pradesh,SANT RAVIDAS NAGAR,Millet,1
2017,Uttar Pradesh,SANT RAVIDAS NAGAR,Jowar,0.793405767
2018,Uttar Pradesh,SANT RAVIDAS NAGAR,Rice,0.817326716
2019,Uttar Pradesh,SANT RAVIDAS NAGAR,Barley,0.996322217
2020,Uttar Pradesh,SANT RAVIDAS NAGAR,Wheat,0.846053774
2021,Uttar Pradesh,SANT RAVIDAS NAGAR,Sugarcane,1
2022,Uttar Pradesh,SHAHJAHANPUR,Millet,1
2023,Uttar Pradesh,SHAHJAHANPUR,Groundnut,0.924522904
2024,Uttar Pradesh,SHAHJAHANPUR,Jowar,0.804403102
2025,Uttar Pradesh,SHAHJAHANPUR,Rice,0.820656578
2026,Uttar Pradesh,SHAHJAHANPUR,Barley,0.991044666
2027,Uttar Pradesh,SHAHJAHANPUR,Wheat,0.843696533
2028,Uttar Pradesh,SHAHJAHANPUR,Sugarcane,1
2029,Uttar Pradesh,SHAMLI,Rice,0.819003958
2030,Uttar Pradesh,SHAMLI,Sugarcane,1
2031,Uttar Pradesh,SHAMLI,Wheat,0.846053774
2032,Uttar Pradesh,SHRAVASTI,Jowar,0.813219766
2033,Uttar Pradesh,SHRAVASTI,Rice,0.812758891
2034,Uttar Pradesh,SHRAVASTI,Barley,0.996322217
2035,Uttar Pradesh,SHRAVASTI,Wheat,0.846053774
2036,Uttar Pradesh,SHRAVASTI,Sugarcane,0.999342248
2037,Uttar Pradesh,SHRAVASTI,Groundnut,0.926708323
2038,Uttar Pradesh,SIDDHARTH NAGAR,Groundnut,0.924275088
2039,Uttar Pradesh,SIDDHARTH NAGAR,Rice,0.820656578
2040,Uttar Pradesh,SIDDHARTH NAGAR,Barley,0.994607577
2041,Uttar Pradesh,SIDDHARTH NAGAR,Wheat,0.846053774
2042,Uttar Pradesh,SIDDHARTH NAGAR,Sugarcane,0.998448718
2043,Uttar Pradesh,SITAPUR,Millet,1
2044,Uttar Pradesh,SITAPUR,Groundnut,0.926708323
2045,Uttar Pradesh,SITAPUR,Jowar,0.813219766
2046,Uttar Pradesh,SITAPUR,Rice,0.813121523
2047,Uttar Pradesh,SITAPUR,Barley,0.988628959
2048,Uttar Pradesh,SITAPUR,Wheat,0.841945179
2049,Uttar Pradesh,SITAPUR,Sugarcane,0.999874083
2050,Uttar Pradesh,SONBHADRA,Jowar,0.792803344
2051,Uttar Pradesh,SONBHADRA,Rice,0.820656578
2052,Uttar Pradesh,SONBHADRA,Barley,0.996322217
2053,Uttar Pradesh,SONBHADRA,Wheat,0.846053774
2054,Uttar Pradesh,SONBHADRA,Sugarcane,0.992852439
2055,Uttar Pradesh,SONBHADRA,Groundnut,0.913267627
2056,Uttar Pradesh,SONBHADRA,Millet,0.992450125
2057,Uttar Pradesh,SULTANPUR,Millet,1
2058,Uttar Pradesh,SULTANPUR,Jowar,0.813219766
2059,Uttar Pradesh,SULTANPUR,Rice,0.817930531
2060,Uttar Pradesh,SULTANPUR,Barley,0.996142184
2061,Uttar Pradesh,SULTANPUR,Wheat,0.843969008
2062,Uttar Pradesh,SULTANPUR,Sugarcane,1
2063,Uttar Pradesh,UNNAO,Millet,0.993854945
2064,Uttar Pradesh,UNNAO,Groundnut,0.926708323
2065,Uttar Pradesh,UNNAO,Jowar,0.813219766
2066,Uttar Pradesh,UNNAO,Rice,0.819309598
2067,Uttar Pradesh,UNNAO,Barley,0.990594514
2068,Uttar Pradesh,UNNAO,Wheat,0.844383764
2069,Uttar Pradesh,UNNAO,Sugarcane,1
2070,Uttar Pradesh,VARANASI,Millet,0.990141504
2071,Uttar Pradesh,VARANASI,Jowar,0.813219766
2072,Uttar Pradesh,VARANASI,Rice,0.816546362
2073,Uttar Pradesh,VARANASI,Wheat,0.846053774
2074,Uttar Pradesh,VARANASI,Sugarcane,0.998723088
2075,Uttar Pradesh,VARANASI,Barley,0.994300182
2076,West Bengal,24 PARAGANAS NORTH,Rice,0.819855736
2077,West Bengal,24 PARAGANAS NORTH,Wheat,0.846053774
2078,West Bengal,24 PARAGANAS NORTH,Groundnut,0.926708323
2079,West Bengal,24 PARAGANAS NORTH,Sugarcane,0.994008984
2080,West Bengal,24 PARAGANAS SOUTH,Rice,0.820656578
2081,West Bengal,24 PARAGANAS SOUTH,Wheat,0.84552261
2082,West Bengal,24 PARAGANAS SOUTH,Sugarcane,0.973876297
2083,West Bengal,24 PARAGANAS SOUTH,Groundnut,0.926708323
2084,West Bengal,BANKURA,Rice,0.820115337
2085,West Bengal,BANKURA,Wheat,0.846053774
2086,West Bengal,BANKURA,Groundnut,0.926708323
2087,West Bengal,BANKURA,Sugarcane,1
2088,West Bengal,BARDHAMAN,Rice,0.819732586
2089,West Bengal,BARDHAMAN,Wheat,0.846053774
2090,West Bengal,BARDHAMAN,Groundnut,0.926708323
2091,West Bengal,BARDHAMAN,Sugarcane,1
2092,West Bengal,BIRBHUM,Rice,0.820656578
2093,West Bengal,BIRBHUM,Wheat,0.846053774
2094,West Bengal,BIRBHUM,Barley,0.996322217
2095,West Bengal,BIRBHUM,Groundnut,0.780522522
2096,West Bengal,BIRBHUM,Sugarcane,0.985925416
2097,West Bengal,BIRBHUM,Jowar,0.813219766
2098,West Bengal,COOCHBEHAR,Rice,0.820656578
2099,West Bengal,COOCHBEHAR,Wheat,0.846053774
2100,West Bengal,COOCHBEHAR,Groundnut,0.909534334
2101,West Bengal,COOCHBEHAR,Sugarcane,1
2102,West Bengal,DARJEELING,Tea,0.998873899
2103,West Bengal,DARJEELING,Rice,0.820656578
2104,West Bengal,DARJEELING,Soyabean,0.99697097
2105,West Bengal,DARJEELING,Wheat,0.846053774
2106,West Bengal,DARJEELING,Barley,0.989337625
2107,West Bengal,DINAJPUR DAKSHIN,Rice,0.819070917
2108,West Bengal,DINAJPUR DAKSHIN,Wheat,0.846053774
2109,West Bengal,DINAJPUR DAKSHIN,Groundnut,0.926708323
2110,West Bengal,DINAJPUR UTTAR,Tea,0.999104697
2111,West Bengal,DINAJPUR UTTAR,Rice,0.817372598
2112,West Bengal,DINAJPUR UTTAR,Wheat,0.846053774
2113,West Bengal,DINAJPUR UTTAR,Sugarcane,1
2114,West Bengal,DINAJPUR UTTAR,Groundnut,0.926708323
2115,West Bengal,HOOGHLY,Rice,0.820656578
2116,West Bengal,HOOGHLY,Wheat,0.846053774
2117,West Bengal,HOOGHLY,Groundnut,0.922595662
2118,West Bengal,HOOGHLY,Sugarcane,0.982897592
2119,West Bengal,HOWRAH,Rice,0.820656578
2120,West Bengal,HOWRAH,Wheat,0.846053774
2121,West Bengal,HOWRAH,Groundnut,0.926708323
2122,West Bengal,JALPAIGURI,Tea,0.99785459
2123,West Bengal,JALPAIGURI,Rice,0.820656578
2124,West Bengal,JALPAIGURI,Wheat,0.846053774
2125,West Bengal,JALPAIGURI,Sugarcane,1
2126,West Bengal,JALPAIGURI,Barley,0.974753901
2127,West Bengal,JALPAIGURI,Groundnut,0.926708323
2128,West Bengal,MALDAH,Rice,0.820172225
2129,West Bengal,MALDAH,Wheat,0.846053774
2130,West Bengal,MALDAH,Barley,0.988234323
2131,West Bengal,MALDAH,Sugarcane,0.989402554
2132,West Bengal,MALDAH,Groundnut,0.926307917
2133,West Bengal,MEDINIPUR EAST,Rice,0.820656578
2134,West Bengal,MEDINIPUR EAST,Wheat,0.846053774
2135,West Bengal,MEDINIPUR EAST,Groundnut,0.919186433
2136,West Bengal,MEDINIPUR WEST,Rice,0.820656578
2137,West Bengal,MEDINIPUR WEST,Wheat,0.845285739
2138,West Bengal,MEDINIPUR WEST,Groundnut,0.925091865
2139,West Bengal,MEDINIPUR WEST,Sugarcane,1
2140,West Bengal,MURSHIDABAD,Rice,0.81506812
2141,West Bengal,MURSHIDABAD,Wheat,0.842050217
2142,West Bengal,MURSHIDABAD,Barley,0.990047909
2143,West Bengal,MURSHIDABAD,Jowar,0.810063007
2144,West Bengal,MURSHIDABAD,Sugarcane,0.994284309
2145,West Bengal,MURSHIDABAD,Groundnut,0.693736511
2146,West Bengal,NADIA,Rice,0.814455606
2147,West Bengal,NADIA,Wheat,0.846053774
2148,West Bengal,NADIA,Groundnut,0.922242634
2149,West Bengal,NADIA,Sugarcane,0.989886852
2150,West Bengal,NADIA,Barley,0.996322217
2151,West Bengal,PURULIA,Rice,0.817922406
2152,West Bengal,PURULIA,Wheat,0.846053774
2153,West Bengal,PURULIA,Groundnut,0.925453627
2154,West Bengal,PURULIA,Sugarcane,1
